"path","name","extension","directory","size_bytes","last_modified"
"README.md","README.md",".md","D:\Code\automation-library","95","2026-05-25 14:41:36"
"adapters\independent\README.md","README.md",".md","adapters\independent","809","2026-05-27 10:09:01"
"audit\config\component-classification.csv","component-classification.csv",".csv","audit\config","19598","2026-05-27 11:52:59"
"audit\deferred-scaffolds\cat-4\c4-a-ai-agent-workflow-executor\README.md","README.md",".md","audit\deferred-scaffolds\cat-4\c4-a-ai-agent-workflow-executor","405","2026-05-25 20:19:29"
"audit\deferred-scaffolds\cat-4\c4-b-ai-classification-pipeline\README.md","README.md",".md","audit\deferred-scaffolds\cat-4\c4-b-ai-classification-pipeline","358","2026-05-25 20:19:29"
"audit\deferred-scaffolds\cat-4\c4-d-ai-extraction-parser\README.md","README.md",".md","audit\deferred-scaffolds\cat-4\c4-d-ai-extraction-parser","350","2026-05-25 20:19:29"
"audit\deferred-scripts\generate-master-component-docs.ps1","generate-master-component-docs.ps1",".ps1","audit\deferred-scripts","19083","2026-05-27 16:39:51"
"audit\reports\audit-interpretation.md","audit-interpretation.md",".md","audit\reports","1551","2026-05-26 20:58:13"
"audit\reports\audit-summary.md","audit-summary.md",".md","audit\reports","1001","2026-05-27 11:55:45"
"audit\reports\build-completeness.csv","build-completeness.csv",".csv","audit\reports","5985","2026-05-27 11:55:45"
"audit\reports\build-completeness.md","build-completeness.md",".md","audit\reports","3637","2026-05-27 11:55:45"
"audit\reports\catalog-classification-update.md","catalog-classification-update.md",".md","audit\reports","516","2026-05-26 22:26:23"
"audit\reports\catalog-consistency.md","catalog-consistency.md",".md","audit\reports","380","2026-05-27 11:55:45"
"audit\reports\classification-consistency.md","classification-consistency.md",".md","audit\reports","306","2026-05-27 11:55:45"
"audit\reports\classification-summary.md","classification-summary.md",".md","audit\reports","7312","2026-05-27 11:55:45"
"audit\reports\component-inventory.csv","component-inventory.csv",".csv","audit\reports","7938","2026-05-27 11:55:45"
"audit\reports\component-inventory.md","component-inventory.md",".md","audit\reports","5220","2026-05-27 11:55:45"
"audit\reports\duplicate-component-ids.md","duplicate-component-ids.md",".md","audit\reports","73","2026-05-27 11:55:45"
"audit\reports\git-status.txt","git-status.txt",".txt","audit\reports","367","2026-05-27 11:53:07"
"audit\reports\json-validation.csv","json-validation.csv",".csv","audit\reports","46438","2026-05-27 11:55:45"
"audit\scripts\check-classification-consistency.ps1","check-classification-consistency.ps1",".ps1","audit\scripts","6468","2026-05-26 22:32:17"
"audit\scripts\generate-classification-summary.ps1","generate-classification-summary.ps1",".ps1","audit\scripts","2100","2026-05-26 22:18:02"
"audit\scripts\run-repo-audit.ps1","run-repo-audit.ps1",".ps1","audit\scripts","15531","2026-05-26 22:34:18"
"audit\scripts\update-component-catalog-classification.ps1","update-component-catalog-classification.ps1",".ps1","audit\scripts","4273","2026-05-26 22:26:12"
"client-assets\c4-client-ai-customization-questionnaire.md","c4-client-ai-customization-questionnaire.md",".md","client-assets","10746","2026-05-25 23:12:34"
"client-assets\c4-client-ai-profile-schema.json","c4-client-ai-profile-schema.json",".json","client-assets","4014","2026-05-25 23:13:10"
"client-assets\sample-c4-client-ai-profile.json","sample-c4-client-ai-profile.json",".json","client-assets","8687","2026-05-25 23:13:27"
"client-config\README.md","README.md",".md","client-config","495","2026-05-27 10:09:01"
"client-config\examples\adapter-gap-report.example.json","adapter-gap-report.example.json",".json","client-config\examples","2218","2026-05-27 11:52:24"
"client-config\examples\ai-profile-response.example.json","ai-profile-response.example.json",".json","client-config\examples","3423","2026-05-27 11:27:32"
"client-config\examples\assembly-recommendation.example.json","assembly-recommendation.example.json",".json","client-config\examples","1991","2026-05-27 11:52:33"
"client-config\examples\client-profile.example.json","client-profile.example.json",".json","client-config\examples","6274","2026-05-27 10:52:39"
"client-config\examples\credential-readiness-response.example.json","credential-readiness-response.example.json",".json","client-config\examples","5840","2026-05-27 11:42:19"
"client-config\examples\README.md","README.md",".md","client-config\examples","110","2026-05-27 10:09:01"
"client-config\examples\template-config.example.json","template-config.example.json",".json","client-config\examples","6032","2026-05-27 11:52:01"
"client-config\examples\tool-stack-response.example.json","tool-stack-response.example.json",".json","client-config\examples","5210","2026-05-27 11:13:54"
"client-config\examples\workflow-discovery-response.example.json","workflow-discovery-response.example.json",".json","client-config\examples","5952","2026-05-27 11:06:33"
"client-config\generators\README.md","README.md",".md","client-config\generators","962","2026-05-27 11:52:49"
"client-config\generators\template-config-generator\README.md","README.md",".md","client-config\generators\template-config-generator","1261","2026-05-27 11:50:11"
"client-config\generators\template-config-generator\template-config-generator-spec.md","template-config-generator-spec.md",".md","client-config\generators\template-config-generator","10450","2026-05-27 11:51:31"
"client-config\questionnaires\ai-profile-compatibility-map.md","ai-profile-compatibility-map.md",".md","client-config\questionnaires","9932","2026-05-27 11:26:39"
"client-config\questionnaires\client-facing-ai-customization-form.md","client-facing-ai-customization-form.md",".md","client-config\questionnaires","4612","2026-05-27 11:27:08"
"client-config\questionnaires\client-facing-credential-checklist.md","client-facing-credential-checklist.md",".md","client-config\questionnaires","4177","2026-05-27 11:42:00"
"client-config\questionnaires\client-facing-tool-stack-form.md","client-facing-tool-stack-form.md",".md","client-config\questionnaires","4420","2026-05-27 11:13:32"
"client-config\questionnaires\client-facing-workflow-discovery-form.md","client-facing-workflow-discovery-form.md",".md","client-config\questionnaires","6779","2026-05-27 11:05:09"
"client-config\questionnaires\credential-collection-checklist.md","credential-collection-checklist.md",".md","client-config\questionnaires","6791","2026-05-27 11:41:25"
"client-config\questionnaires\README.md","README.md",".md","client-config\questionnaires","2555","2026-05-27 11:42:47"
"client-config\questionnaires\tool-stack-questionnaire.md","tool-stack-questionnaire.md",".md","client-config\questionnaires","7669","2026-05-27 11:12:56"
"client-config\questionnaires\workflow-discovery-questionnaire.md","workflow-discovery-questionnaire.md",".md","client-config\questionnaires","8595","2026-05-27 11:03:44"
"client-config\questionnaires\cfg-002-workflow-discovery-questionnaire\README.md","README.md",".md","client-config\questionnaires\cfg-002-workflow-discovery-questionnaire","796","2026-05-27 11:06:43"
"client-config\questionnaires\cfg-002a-client-facing-workflow-discovery-form\README.md","README.md",".md","client-config\questionnaires\cfg-002a-client-facing-workflow-discovery-form","727","2026-05-27 11:06:43"
"client-config\questionnaires\cfg-003-tool-stack-questionnaire\README.md","README.md",".md","client-config\questionnaires\cfg-003-tool-stack-questionnaire","880","2026-05-27 11:14:09"
"client-config\questionnaires\cfg-003a-client-facing-tool-stack-form\README.md","README.md",".md","client-config\questionnaires\cfg-003a-client-facing-tool-stack-form","716","2026-05-27 11:14:09"
"client-config\questionnaires\cfg-004-ai-profile-compatibility-pack\README.md","README.md",".md","client-config\questionnaires\cfg-004-ai-profile-compatibility-pack","978","2026-05-27 11:27:45"
"client-config\questionnaires\cfg-004a-client-facing-ai-customization-form\README.md","README.md",".md","client-config\questionnaires\cfg-004a-client-facing-ai-customization-form","702","2026-05-27 11:27:45"
"client-config\questionnaires\cfg-005-credential-collection-checklist\README.md","README.md",".md","client-config\questionnaires\cfg-005-credential-collection-checklist","923","2026-05-27 11:42:32"
"client-config\questionnaires\cfg-005a-client-facing-credential-checklist\README.md","README.md",".md","client-config\questionnaires\cfg-005a-client-facing-credential-checklist","754","2026-05-27 11:42:32"
"client-config\schemas\client-profile-schema.json","client-profile-schema.json",".json","client-config\schemas","15503","2026-05-27 10:48:32"
"client-config\schemas\README.md","README.md",".md","client-config\schemas","1582","2026-05-27 10:49:37"
"client-config\schemas\cfg-001-client-profile-schema\README.md","README.md",".md","client-config\schemas\cfg-001-client-profile-schema","1207","2026-05-27 10:53:11"
"components\cat-1\c1-e-multi-step-sequence-engine\README.md","README.md",".md","components\cat-1\c1-e-multi-step-sequence-engine","383","2026-05-25 21:39:26"
"components\cat-2\c2-a-data-sync-pipeline\README.md","README.md",".md","components\cat-2\c2-a-data-sync-pipeline","397","2026-05-25 14:46:24"
"components\cat-2\c2-a1-google-sheets-write-adapter\README.md","README.md",".md","components\cat-2\c2-a1-google-sheets-write-adapter","4317","2026-05-25 14:41:36"
"components\cat-2\c2-a1-google-sheets-write-adapter\output-samples\error-missing-spreadsheet-id.json","error-missing-spreadsheet-id.json",".json","components\cat-2\c2-a1-google-sheets-write-adapter\output-samples","765","2026-05-25 14:41:36"
"components\cat-2\c2-a1-google-sheets-write-adapter\output-samples\error-upstream-validation-failed.json","error-upstream-validation-failed.json",".json","components\cat-2\c2-a1-google-sheets-write-adapter\output-samples","803","2026-05-25 14:41:36"
"components\cat-2\c2-a1-google-sheets-write-adapter\output-samples\success-output.json","success-output.json",".json","components\cat-2\c2-a1-google-sheets-write-adapter\output-samples","877","2026-05-25 14:41:36"
"components\cat-2\c2-a1-google-sheets-write-adapter\test-payloads\lead-write.valid.json","lead-write.valid.json",".json","components\cat-2\c2-a1-google-sheets-write-adapter\test-payloads","1224","2026-05-25 14:41:36"
"components\cat-2\c2-a1-google-sheets-write-adapter\test-payloads\missing-spreadsheet-id.invalid.json","missing-spreadsheet-id.invalid.json",".json","components\cat-2\c2-a1-google-sheets-write-adapter\test-payloads","898","2026-05-25 14:41:36"
"components\cat-2\c2-a1-google-sheets-write-adapter\test-payloads\upstream-validation-failed.invalid.json","upstream-validation-failed.invalid.json",".json","components\cat-2\c2-a1-google-sheets-write-adapter\test-payloads","1174","2026-05-25 14:41:36"
"components\cat-2\c2-a1-google-sheets-write-adapter\workflows\c2-a1-core-google-sheets-write-adapter-v1.json","c2-a1-core-google-sheets-write-adapter-v1.json",".json","components\cat-2\c2-a1-google-sheets-write-adapter\workflows","11843","2026-05-25 14:41:36"
"components\cat-2\c2-a2-airtable-write-adapter\README.md","README.md",".md","components\cat-2\c2-a2-airtable-write-adapter","4153","2026-05-25 14:41:36"
"components\cat-2\c2-a2-airtable-write-adapter\output-samples\error-missing-base-id.json","error-missing-base-id.json",".json","components\cat-2\c2-a2-airtable-write-adapter\output-samples","757","2026-05-25 14:41:36"
"components\cat-2\c2-a2-airtable-write-adapter\output-samples\error-upstream-validation-failed.json","error-upstream-validation-failed.json",".json","components\cat-2\c2-a2-airtable-write-adapter\output-samples","782","2026-05-25 14:41:36"
"components\cat-2\c2-a2-airtable-write-adapter\output-samples\success-output.json","success-output.json",".json","components\cat-2\c2-a2-airtable-write-adapter\output-samples","863","2026-05-25 14:41:36"
"components\cat-2\c2-a2-airtable-write-adapter\test-payloads\lead-write.valid.json","lead-write.valid.json",".json","components\cat-2\c2-a2-airtable-write-adapter\test-payloads","1203","2026-05-25 14:41:36"
"components\cat-2\c2-a2-airtable-write-adapter\test-payloads\missing-base-id.invalid.json","missing-base-id.invalid.json",".json","components\cat-2\c2-a2-airtable-write-adapter\test-payloads","911","2026-05-25 14:41:36"
"components\cat-2\c2-a2-airtable-write-adapter\test-payloads\upstream-validation-failed.invalid.json","upstream-validation-failed.invalid.json",".json","components\cat-2\c2-a2-airtable-write-adapter\test-payloads","1153","2026-05-25 14:41:36"
"components\cat-2\c2-a2-airtable-write-adapter\workflows\c2-a2-core-airtable-write-adapter-v1.json","c2-a2-core-airtable-write-adapter-v1.json",".json","components\cat-2\c2-a2-airtable-write-adapter\workflows","11299","2026-05-25 14:41:36"
"components\cat-2\c2-a3-hubspot-contact-write-adapter\README.md","README.md",".md","components\cat-2\c2-a3-hubspot-contact-write-adapter","4118","2026-05-25 14:41:36"
"components\cat-2\c2-a3-hubspot-contact-write-adapter\output-samples\error-missing-field-map.json","error-missing-field-map.json",".json","components\cat-2\c2-a3-hubspot-contact-write-adapter\output-samples","775","2026-05-25 14:41:36"
"components\cat-2\c2-a3-hubspot-contact-write-adapter\output-samples\error-upstream-validation-failed.json","error-upstream-validation-failed.json",".json","components\cat-2\c2-a3-hubspot-contact-write-adapter\output-samples","771","2026-05-25 14:41:36"
"components\cat-2\c2-a3-hubspot-contact-write-adapter\output-samples\success-output.json","success-output.json",".json","components\cat-2\c2-a3-hubspot-contact-write-adapter\output-samples","800","2026-05-25 14:41:36"
"components\cat-2\c2-a3-hubspot-contact-write-adapter\test-payloads\contact-write.valid.json","contact-write.valid.json",".json","components\cat-2\c2-a3-hubspot-contact-write-adapter\test-payloads","1099","2026-05-25 14:41:36"
"components\cat-2\c2-a3-hubspot-contact-write-adapter\test-payloads\missing-field-map.invalid.json","missing-field-map.invalid.json",".json","components\cat-2\c2-a3-hubspot-contact-write-adapter\test-payloads","886","2026-05-25 14:41:36"
"components\cat-2\c2-a3-hubspot-contact-write-adapter\test-payloads\upstream-validation-failed.invalid.json","upstream-validation-failed.invalid.json",".json","components\cat-2\c2-a3-hubspot-contact-write-adapter\test-payloads","1155","2026-05-25 14:41:36"
"components\cat-2\c2-a3-hubspot-contact-write-adapter\workflows\c2-a3-core-hubspot-contact-write-adapter-v1.json.json","c2-a3-core-hubspot-contact-write-adapter-v1.json.json",".json","components\cat-2\c2-a3-hubspot-contact-write-adapter\workflows","12104","2026-05-25 14:41:36"
"components\cat-2\c2-b-conditional-routing-engine\README.md","README.md",".md","components\cat-2\c2-b-conditional-routing-engine","4281","2026-05-25 16:06:17"
"components\cat-2\c2-b-conditional-routing-engine\output-samples\error-missing-route-rules.json","error-missing-route-rules.json",".json","components\cat-2\c2-b-conditional-routing-engine\output-samples","641","2026-05-25 16:05:09"
"components\cat-2\c2-b-conditional-routing-engine\output-samples\success-fallback-route.json","success-fallback-route.json",".json","components\cat-2\c2-b-conditional-routing-engine\output-samples","588","2026-05-25 16:05:09"
"components\cat-2\c2-b-conditional-routing-engine\output-samples\success-matched-notify-route.json","success-matched-notify-route.json",".json","components\cat-2\c2-b-conditional-routing-engine\output-samples","624","2026-05-25 16:05:09"
"components\cat-2\c2-b-conditional-routing-engine\output-samples\success-validation-error-route.json","success-validation-error-route.json",".json","components\cat-2\c2-b-conditional-routing-engine\output-samples","545","2026-05-25 16:05:09"
"components\cat-2\c2-b-conditional-routing-engine\test-payloads\fallback-route.valid.json","fallback-route.valid.json",".json","components\cat-2\c2-b-conditional-routing-engine\test-payloads","1036","2026-05-25 15:54:39"
"components\cat-2\c2-b-conditional-routing-engine\test-payloads\hubspot-sales-route.valid.json","hubspot-sales-route.valid.json",".json","components\cat-2\c2-b-conditional-routing-engine\test-payloads","1403","2026-05-25 15:54:39"
"components\cat-2\c2-b-conditional-routing-engine\test-payloads\missing-rules.invalid.json","missing-rules.invalid.json",".json","components\cat-2\c2-b-conditional-routing-engine\test-payloads","334","2026-05-25 15:54:39"
"components\cat-2\c2-b-conditional-routing-engine\test-payloads\validation-failed-route.valid.json","validation-failed-route.valid.json",".json","components\cat-2\c2-b-conditional-routing-engine\test-payloads","1247","2026-05-25 15:54:39"
"components\cat-2\c2-b-conditional-routing-engine\test-payloads\write-success-notify.valid.json","write-success-notify.valid.json",".json","components\cat-2\c2-b-conditional-routing-engine\test-payloads","1714","2026-05-25 15:54:39"
"components\cat-2\c2-b-conditional-routing-engine\workflows\c2-b-core-conditional-routing-engine-v1.json","c2-b-core-conditional-routing-engine-v1.json",".json","components\cat-2\c2-b-conditional-routing-engine\workflows","10830","2026-05-25 16:04:01"
"components\cat-2\c2-c-webhook-trigger-system\README.md","README.md",".md","components\cat-2\c2-c-webhook-trigger-system","3998","2026-05-25 14:41:36"
"components\cat-2\c2-c-webhook-trigger-system\output-samples\error-empty-input.json","error-empty-input.json",".json","components\cat-2\c2-c-webhook-trigger-system\output-samples","462","2026-05-25 14:41:36"
"components\cat-2\c2-c-webhook-trigger-system\output-samples\error-missing-event-type.json","error-missing-event-type.json",".json","components\cat-2\c2-c-webhook-trigger-system\output-samples","528","2026-05-25 14:41:36"
"components\cat-2\c2-c-webhook-trigger-system\output-samples\error-missing-payload.json","error-missing-payload.json",".json","components\cat-2\c2-c-webhook-trigger-system\output-samples","501","2026-05-25 14:41:36"
"components\cat-2\c2-c-webhook-trigger-system\output-samples\success-output.json","success-output.json",".json","components\cat-2\c2-c-webhook-trigger-system\output-samples","523","2026-05-25 14:41:36"
"components\cat-2\c2-c-webhook-trigger-system\test-payloads\empty-payload.invalid.json","empty-payload.invalid.json",".json","components\cat-2\c2-c-webhook-trigger-system\test-payloads","7","2026-05-25 14:41:36"
"components\cat-2\c2-c-webhook-trigger-system\test-payloads\lead-intake.valid.json","lead-intake.valid.json",".json","components\cat-2\c2-c-webhook-trigger-system\test-payloads","417","2026-05-25 14:41:36"
"components\cat-2\c2-c-webhook-trigger-system\test-payloads\missing-event-type.invalid.json","missing-event-type.invalid.json",".json","components\cat-2\c2-c-webhook-trigger-system\test-payloads","263","2026-05-25 14:41:36"
"components\cat-2\c2-c-webhook-trigger-system\test-payloads\missing-payload.invalid.json","missing-payload.invalid.json",".json","components\cat-2\c2-c-webhook-trigger-system\test-payloads","242","2026-05-25 14:41:36"
"components\cat-2\c2-c-webhook-trigger-system\test-payloads\payment-success.valid.json","payment-success.valid.json",".json","components\cat-2\c2-c-webhook-trigger-system\test-payloads","437","2026-05-25 14:41:36"
"components\cat-2\c2-c-webhook-trigger-system\test-payloads\whatsapp-message.valid.json","whatsapp-message.valid.json",".json","components\cat-2\c2-c-webhook-trigger-system\test-payloads","406","2026-05-25 14:41:36"
"components\cat-2\c2-c-webhook-trigger-system\workflows\c2-c-core-event-normalizer-v1.json","c2-c-core-event-normalizer-v1.json",".json","components\cat-2\c2-c-webhook-trigger-system\workflows","7293","2026-05-25 14:41:36"
"components\cat-2\c2-c-webhook-trigger-system\workflows\c2-c-webhook-receiver-wrapper-v1.json","c2-c-webhook-receiver-wrapper-v1.json",".json","components\cat-2\c2-c-webhook-trigger-system\workflows","4337","2026-05-25 14:41:36"
"components\cat-2\c2-d-deduplication-merge-engine\README.md","README.md",".md","components\cat-2\c2-d-deduplication-merge-engine","4678","2026-05-25 21:14:48"
"components\cat-2\c2-d-deduplication-merge-engine\output-samples\error-dedupe-not-requested.json","error-dedupe-not-requested.json",".json","components\cat-2\c2-d-deduplication-merge-engine\output-samples","691","2026-05-25 21:15:45"
"components\cat-2\c2-d-deduplication-merge-engine\output-samples\error-upstream-action-failed.json","error-upstream-action-failed.json",".json","components\cat-2\c2-d-deduplication-merge-engine\output-samples","780","2026-05-25 21:15:45"
"components\cat-2\c2-d-deduplication-merge-engine\output-samples\success-exact-email-duplicate.json","success-exact-email-duplicate.json",".json","components\cat-2\c2-d-deduplication-merge-engine\output-samples","1162","2026-05-25 21:15:45"
"components\cat-2\c2-d-deduplication-merge-engine\output-samples\success-new-record.json","success-new-record.json",".json","components\cat-2\c2-d-deduplication-merge-engine\output-samples","723","2026-05-25 21:15:45"
"components\cat-2\c2-d-deduplication-merge-engine\output-samples\success-possible-duplicate.json","success-possible-duplicate.json",".json","components\cat-2\c2-d-deduplication-merge-engine\output-samples","1126","2026-05-25 21:15:45"
"components\cat-2\c2-d-deduplication-merge-engine\test-payloads\dedupe-not-requested.invalid.json","dedupe-not-requested.invalid.json",".json","components\cat-2\c2-d-deduplication-merge-engine\test-payloads","592","2026-05-25 21:07:00"
"components\cat-2\c2-d-deduplication-merge-engine\test-payloads\exact-email-duplicate.valid.json","exact-email-duplicate.valid.json",".json","components\cat-2\c2-d-deduplication-merge-engine\test-payloads","1185","2026-05-25 21:07:00"
"components\cat-2\c2-d-deduplication-merge-engine\test-payloads\new-record.valid.json","new-record.valid.json",".json","components\cat-2\c2-d-deduplication-merge-engine\test-payloads","902","2026-05-25 21:07:00"
"components\cat-2\c2-d-deduplication-merge-engine\test-payloads\possible-duplicate.valid.json","possible-duplicate.valid.json",".json","components\cat-2\c2-d-deduplication-merge-engine\test-payloads","1202","2026-05-25 21:07:00"
"components\cat-2\c2-d-deduplication-merge-engine\test-payloads\upstream-failed.invalid.json","upstream-failed.invalid.json",".json","components\cat-2\c2-d-deduplication-merge-engine\test-payloads","644","2026-05-25 21:07:00"
"components\cat-2\c2-d-deduplication-merge-engine\workflows\c2-d-core-deduplication-merge-engine-v1.json","c2-d-core-deduplication-merge-engine-v1.json",".json","components\cat-2\c2-d-deduplication-merge-engine\workflows","11928","2026-05-25 21:12:43"
"components\cat-2\c2-e-form-intake-pipeline\README.md","README.md",".md","components\cat-2\c2-e-form-intake-pipeline","4887","2026-05-26 01:21:25"
"components\cat-2\c2-e-form-intake-pipeline\output-samples\error-form-intake-not-requested.json","error-form-intake-not-requested.json",".json","components\cat-2\c2-e-form-intake-pipeline\output-samples","566","2026-05-26 01:22:05"
"components\cat-2\c2-e-form-intake-pipeline\output-samples\error-missing-field-map.json","error-missing-field-map.json",".json","components\cat-2\c2-e-form-intake-pipeline\output-samples","552","2026-05-26 01:22:05"
"components\cat-2\c2-e-form-intake-pipeline\output-samples\error-upstream-action-failed.json","error-upstream-action-failed.json",".json","components\cat-2\c2-e-form-intake-pipeline\output-samples","661","2026-05-26 01:22:05"
"components\cat-2\c2-e-form-intake-pipeline\output-samples\success-tally-form.json","success-tally-form.json",".json","components\cat-2\c2-e-form-intake-pipeline\output-samples","1617","2026-05-26 01:22:05"
"components\cat-2\c2-e-form-intake-pipeline\output-samples\success-typeform-ref-form.json","success-typeform-ref-form.json",".json","components\cat-2\c2-e-form-intake-pipeline\output-samples","1564","2026-05-26 01:22:05"
"components\cat-2\c2-e-form-intake-pipeline\output-samples\success-website-form.json","success-website-form.json",".json","components\cat-2\c2-e-form-intake-pipeline\output-samples","1615","2026-05-26 01:22:05"
"components\cat-2\c2-e-form-intake-pipeline\test-payloads\form-intake-not-requested.invalid.json","form-intake-not-requested.invalid.json",".json","components\cat-2\c2-e-form-intake-pipeline\test-payloads","687","2026-05-26 01:08:47"
"components\cat-2\c2-e-form-intake-pipeline\test-payloads\missing-field-map.invalid.json","missing-field-map.invalid.json",".json","components\cat-2\c2-e-form-intake-pipeline\test-payloads","584","2026-05-26 01:08:47"
"components\cat-2\c2-e-form-intake-pipeline\test-payloads\tally-form.valid.json","tally-form.valid.json",".json","components\cat-2\c2-e-form-intake-pipeline\test-payloads","1290","2026-05-26 01:08:47"
"components\cat-2\c2-e-form-intake-pipeline\test-payloads\typeform-ref-form.valid.json","typeform-ref-form.valid.json",".json","components\cat-2\c2-e-form-intake-pipeline\test-payloads","1444","2026-05-26 01:08:47"
"components\cat-2\c2-e-form-intake-pipeline\test-payloads\upstream-failed.invalid.json","upstream-failed.invalid.json",".json","components\cat-2\c2-e-form-intake-pipeline\test-payloads","669","2026-05-26 01:08:47"
"components\cat-2\c2-e-form-intake-pipeline\test-payloads\website-form.valid.json","website-form.valid.json",".json","components\cat-2\c2-e-form-intake-pipeline\test-payloads","1263","2026-05-26 01:08:47"
"components\cat-2\c2-e-form-intake-pipeline\workflows\c2-e-core-form-intake-pipeline-v1.json","c2-e-core-form-intake-pipeline-v1.json",".json","components\cat-2\c2-e-form-intake-pipeline\workflows","11939","2026-05-26 01:17:54"
"components\cat-2\c2-f-payload-validation-layer\README.md","README.md",".md","components\cat-2\c2-f-payload-validation-layer","4182","2026-05-25 14:41:36"
"components\cat-2\c2-f-payload-validation-layer\output-samples\error-empty-payload.json","error-empty-payload.json",".json","components\cat-2\c2-f-payload-validation-layer\output-samples","952","2026-05-25 14:41:36"
"components\cat-2\c2-f-payload-validation-layer\output-samples\error-invalid-email.json","error-invalid-email.json",".json","components\cat-2\c2-f-payload-validation-layer\output-samples","851","2026-05-25 14:41:36"
"components\cat-2\c2-f-payload-validation-layer\output-samples\error-min-length.json","error-min-length.json",".json","components\cat-2\c2-f-payload-validation-layer\output-samples","856","2026-05-25 14:41:36"
"components\cat-2\c2-f-payload-validation-layer\output-samples\error-missing-required-field.json","error-missing-required-field.json",".json","components\cat-2\c2-f-payload-validation-layer\output-samples","814","2026-05-25 14:41:36"
"components\cat-2\c2-f-payload-validation-layer\output-samples\success-output.json","success-output.json",".json","components\cat-2\c2-f-payload-validation-layer\output-samples","610","2026-05-25 14:41:36"
"components\cat-2\c2-f-payload-validation-layer\test-payloads\empty-payload.invalid.json","empty-payload.invalid.json",".json","components\cat-2\c2-f-payload-validation-layer\test-payloads","637","2026-05-25 14:41:36"
"components\cat-2\c2-f-payload-validation-layer\test-payloads\lead-intake.invalid-email.invalid.json","lead-intake.invalid-email.invalid.json",".json","components\cat-2\c2-f-payload-validation-layer\test-payloads","788","2026-05-25 14:41:36"
"components\cat-2\c2-f-payload-validation-layer\test-payloads\lead-intake.missing-email.invalid.json","lead-intake.missing-email.invalid.json",".json","components\cat-2\c2-f-payload-validation-layer\test-payloads","756","2026-05-25 14:41:36"
"components\cat-2\c2-f-payload-validation-layer\test-payloads\lead-intake.short-message.invalid.json","lead-intake.short-message.invalid.json",".json","components\cat-2\c2-f-payload-validation-layer\test-payloads","770","2026-05-25 14:41:36"
"components\cat-2\c2-f-payload-validation-layer\test-payloads\lead-intake.valid.json","lead-intake.valid.json",".json","components\cat-2\c2-f-payload-validation-layer\test-payloads","789","2026-05-25 14:41:36"
"components\cat-2\c2-f-payload-validation-layer\test-payloads\payment-success.valid.json","payment-success.valid.json",".json","components\cat-2\c2-f-payload-validation-layer\test-payloads","904","2026-05-25 14:41:36"
"components\cat-2\c2-f-payload-validation-layer\workflows\c2-f-core-payload-validator-v1.json","c2-f-core-payload-validator-v1.json",".json","components\cat-2\c2-f-payload-validation-layer\workflows","11482","2026-05-25 14:41:36"
"components\cat-2\c2-g-file-upload-routing\README.md","README.md",".md","components\cat-2\c2-g-file-upload-routing","5780","2026-05-26 12:40:23"
"components\cat-2\c2-g-file-upload-routing\output-samples\error-blocked-extension.json","error-blocked-extension.json",".json","components\cat-2\c2-g-file-upload-routing\output-samples","741","2026-05-26 12:41:11"
"components\cat-2\c2-g-file-upload-routing\output-samples\error-file-routing-not-requested.json","error-file-routing-not-requested.json",".json","components\cat-2\c2-g-file-upload-routing\output-samples","587","2026-05-26 12:41:11"
"components\cat-2\c2-g-file-upload-routing\output-samples\error-missing-file.json","error-missing-file.json",".json","components\cat-2\c2-g-file-upload-routing\output-samples","558","2026-05-26 12:41:11"
"components\cat-2\c2-g-file-upload-routing\output-samples\error-oversized-file.json","error-oversized-file.json",".json","components\cat-2\c2-g-file-upload-routing\output-samples","737","2026-05-26 12:41:11"
"components\cat-2\c2-g-file-upload-routing\output-samples\error-upstream-failed.json","error-upstream-failed.json",".json","components\cat-2\c2-g-file-upload-routing\output-samples","660","2026-05-26 12:41:11"
"components\cat-2\c2-g-file-upload-routing\output-samples\success-csv-upload.json","success-csv-upload.json",".json","components\cat-2\c2-g-file-upload-routing\output-samples","1916","2026-05-26 12:41:11"
"components\cat-2\c2-g-file-upload-routing\output-samples\success-image-upload.json","success-image-upload.json",".json","components\cat-2\c2-g-file-upload-routing\output-samples","1879","2026-05-26 12:41:11"
"components\cat-2\c2-g-file-upload-routing\output-samples\success-pdf-upload.json","success-pdf-upload.json",".json","components\cat-2\c2-g-file-upload-routing\output-samples","1931","2026-05-26 12:41:11"
"components\cat-2\c2-g-file-upload-routing\test-payloads\blocked-extension.invalid.json","blocked-extension.invalid.json",".json","components\cat-2\c2-g-file-upload-routing\test-payloads","1273","2026-05-26 12:31:52"
"components\cat-2\c2-g-file-upload-routing\test-payloads\csv-upload.valid.json","csv-upload.valid.json",".json","components\cat-2\c2-g-file-upload-routing\test-payloads","1390","2026-05-26 12:31:52"
"components\cat-2\c2-g-file-upload-routing\test-payloads\file-routing-not-requested.invalid.json","file-routing-not-requested.invalid.json",".json","components\cat-2\c2-g-file-upload-routing\test-payloads","688","2026-05-26 12:31:52"
"components\cat-2\c2-g-file-upload-routing\test-payloads\image-upload.valid.json","image-upload.valid.json",".json","components\cat-2\c2-g-file-upload-routing\test-payloads","1395","2026-05-26 12:31:52"
"components\cat-2\c2-g-file-upload-routing\test-payloads\missing-file.invalid.json","missing-file.invalid.json",".json","components\cat-2\c2-g-file-upload-routing\test-payloads","520","2026-05-26 12:31:52"
"components\cat-2\c2-g-file-upload-routing\test-payloads\oversized-file.invalid.json","oversized-file.invalid.json",".json","components\cat-2\c2-g-file-upload-routing\test-payloads","1128","2026-05-26 12:31:52"
"components\cat-2\c2-g-file-upload-routing\test-payloads\pdf-upload.valid.json","pdf-upload.valid.json",".json","components\cat-2\c2-g-file-upload-routing\test-payloads","1418","2026-05-26 12:31:52"
"components\cat-2\c2-g-file-upload-routing\test-payloads\upstream-failed.invalid.json","upstream-failed.invalid.json",".json","components\cat-2\c2-g-file-upload-routing\test-payloads","658","2026-05-26 12:31:52"
"components\cat-2\c2-g-file-upload-routing\workflows\c2-g-core-file-upload-routing-v1.json","c2-g-core-file-upload-routing-v1.json",".json","components\cat-2\c2-g-file-upload-routing\workflows","14735","2026-05-26 12:38:42"
"components\cat-2\c2-h-payment-on-intake-flow\README.md","README.md",".md","components\cat-2\c2-h-payment-on-intake-flow","7128","2026-05-26 18:20:03"
"components\cat-2\c2-h-payment-on-intake-flow\output-samples\error-currency-not-allowed.json","error-currency-not-allowed.json",".json","components\cat-2\c2-h-payment-on-intake-flow\output-samples","774","2026-05-26 18:22:28"
"components\cat-2\c2-h-payment-on-intake-flow\output-samples\error-missing-amount.json","error-missing-amount.json",".json","components\cat-2\c2-h-payment-on-intake-flow\output-samples","628","2026-05-26 18:22:28"
"components\cat-2\c2-h-payment-on-intake-flow\output-samples\error-missing-provider.json","error-missing-provider.json",".json","components\cat-2\c2-h-payment-on-intake-flow\output-samples","604","2026-05-26 18:22:28"
"components\cat-2\c2-h-payment-on-intake-flow\output-samples\error-not-approved.json","error-not-approved.json",".json","components\cat-2\c2-h-payment-on-intake-flow\output-samples","642","2026-05-26 18:22:28"
"components\cat-2\c2-h-payment-on-intake-flow\output-samples\error-payment-not-requested.json","error-payment-not-requested.json",".json","components\cat-2\c2-h-payment-on-intake-flow\output-samples","612","2026-05-26 18:22:28"
"components\cat-2\c2-h-payment-on-intake-flow\output-samples\error-upstream-action-failed.json","error-upstream-action-failed.json",".json","components\cat-2\c2-h-payment-on-intake-flow\output-samples","701","2026-05-26 18:22:28"
"components\cat-2\c2-h-payment-on-intake-flow\output-samples\success-paypal-invoice.json","success-paypal-invoice.json",".json","components\cat-2\c2-h-payment-on-intake-flow\output-samples","2296","2026-05-26 18:22:28"
"components\cat-2\c2-h-payment-on-intake-flow\output-samples\success-razorpay-payment-link.json","success-razorpay-payment-link.json",".json","components\cat-2\c2-h-payment-on-intake-flow\output-samples","2405","2026-05-26 18:22:28"
"components\cat-2\c2-h-payment-on-intake-flow\output-samples\success-stripe-payment-link.json","success-stripe-payment-link.json",".json","components\cat-2\c2-h-payment-on-intake-flow\output-samples","2188","2026-05-26 18:22:28"
"components\cat-2\c2-h-payment-on-intake-flow\output-samples\success-wise-manual-payment.json","success-wise-manual-payment.json",".json","components\cat-2\c2-h-payment-on-intake-flow\output-samples","2347","2026-05-26 18:22:28"
"components\cat-2\c2-h-payment-on-intake-flow\test-payloads\currency-not-allowed.invalid.json","currency-not-allowed.invalid.json",".json","components\cat-2\c2-h-payment-on-intake-flow\test-payloads","737","2026-05-26 18:06:01"
"components\cat-2\c2-h-payment-on-intake-flow\test-payloads\missing-amount.invalid.json","missing-amount.invalid.json",".json","components\cat-2\c2-h-payment-on-intake-flow\test-payloads","669","2026-05-26 18:06:01"
"components\cat-2\c2-h-payment-on-intake-flow\test-payloads\missing-provider.invalid.json","missing-provider.invalid.json",".json","components\cat-2\c2-h-payment-on-intake-flow\test-payloads","666","2026-05-26 18:06:01"
"components\cat-2\c2-h-payment-on-intake-flow\test-payloads\not-approved.invalid.json","not-approved.invalid.json",".json","components\cat-2\c2-h-payment-on-intake-flow\test-payloads","691","2026-05-26 18:06:01"
"components\cat-2\c2-h-payment-on-intake-flow\test-payloads\payment-not-requested.invalid.json","payment-not-requested.invalid.json",".json","components\cat-2\c2-h-payment-on-intake-flow\test-payloads","678","2026-05-26 18:06:01"
"components\cat-2\c2-h-payment-on-intake-flow\test-payloads\paypal-invoice.valid.json","paypal-invoice.valid.json",".json","components\cat-2\c2-h-payment-on-intake-flow\test-payloads","1257","2026-05-26 18:06:01"
"components\cat-2\c2-h-payment-on-intake-flow\test-payloads\razorpay-payment-link.valid.json","razorpay-payment-link.valid.json",".json","components\cat-2\c2-h-payment-on-intake-flow\test-payloads","1278","2026-05-26 18:06:01"
"components\cat-2\c2-h-payment-on-intake-flow\test-payloads\stripe-payment-link.valid.json","stripe-payment-link.valid.json",".json","components\cat-2\c2-h-payment-on-intake-flow\test-payloads","1280","2026-05-26 18:06:01"
"components\cat-2\c2-h-payment-on-intake-flow\test-payloads\upstream-failed.invalid.json","upstream-failed.invalid.json",".json","components\cat-2\c2-h-payment-on-intake-flow\test-payloads","677","2026-05-26 18:06:01"
"components\cat-2\c2-h-payment-on-intake-flow\test-payloads\wise-manual-payment.valid.json","wise-manual-payment.valid.json",".json","components\cat-2\c2-h-payment-on-intake-flow\test-payloads","1419","2026-05-26 18:06:01"
"components\cat-2\c2-h-payment-on-intake-flow\workflows\c2-h-core-payment-on-intake-flow-v1.json","c2-h-core-payment-on-intake-flow-v1.json",".json","components\cat-2\c2-h-payment-on-intake-flow\workflows","18234","2026-05-26 18:15:46"
"components\cat-2\c2-i-notification-alert-engine\README.md","README.md",".md","components\cat-2\c2-i-notification-alert-engine","3776","2026-05-25 15:44:48"
"components\cat-2\c2-i-notification-alert-engine\output-samples\error-missing-recipient.json","error-missing-recipient.json",".json","components\cat-2\c2-i-notification-alert-engine\output-samples","1027","2026-05-25 15:43:56"
"components\cat-2\c2-i-notification-alert-engine\output-samples\error-upstream-action-failed.json","error-upstream-action-failed.json",".json","components\cat-2\c2-i-notification-alert-engine\output-samples","1011","2026-05-25 15:43:56"
"components\cat-2\c2-i-notification-alert-engine\output-samples\success-output.json","success-output.json",".json","components\cat-2\c2-i-notification-alert-engine\output-samples","975","2026-05-25 15:43:56"
"components\cat-2\c2-i-notification-alert-engine\test-payloads\email-notify.valid.json","email-notify.valid.json",".json","components\cat-2\c2-i-notification-alert-engine\test-payloads","1009","2026-05-25 15:30:41"
"components\cat-2\c2-i-notification-alert-engine\test-payloads\missing-recipient.invalid.json","missing-recipient.invalid.json",".json","components\cat-2\c2-i-notification-alert-engine\test-payloads","979","2026-05-25 15:30:41"
"components\cat-2\c2-i-notification-alert-engine\test-payloads\upstream-write-failed.invalid.json","upstream-write-failed.invalid.json",".json","components\cat-2\c2-i-notification-alert-engine\test-payloads","1034","2026-05-25 15:30:41"
"components\cat-2\c2-i-notification-alert-engine\workflows\c2-i1-core-email-notification-adapter-v1.json","c2-i1-core-email-notification-adapter-v1.json",".json","components\cat-2\c2-i-notification-alert-engine\workflows","11994","2026-05-25 15:42:37"
"components\cat-2\c2-j-digest-summary-notification-builder\README.md","README.md",".md","components\cat-2\c2-j-digest-summary-notification-builder","4612","2026-05-25 22:06:28"
"components\cat-2\c2-j-digest-summary-notification-builder\output-samples\error-digest-not-requested.json","error-digest-not-requested.json",".json","components\cat-2\c2-j-digest-summary-notification-builder\output-samples","536","2026-05-25 22:06:50"
"components\cat-2\c2-j-digest-summary-notification-builder\output-samples\error-missing-records.json","error-missing-records.json",".json","components\cat-2\c2-j-digest-summary-notification-builder\output-samples","542","2026-05-25 22:06:50"
"components\cat-2\c2-j-digest-summary-notification-builder\output-samples\error-upstream-action-failed.json","error-upstream-action-failed.json",".json","components\cat-2\c2-j-digest-summary-notification-builder\output-samples","650","2026-05-25 22:06:50"
"components\cat-2\c2-j-digest-summary-notification-builder\output-samples\success-approval-digest.json","success-approval-digest.json",".json","components\cat-2\c2-j-digest-summary-notification-builder\output-samples","1682","2026-05-25 22:06:50"
"components\cat-2\c2-j-digest-summary-notification-builder\output-samples\success-daily-digest.json","success-daily-digest.json",".json","components\cat-2\c2-j-digest-summary-notification-builder\output-samples","1942","2026-05-25 22:06:50"
"components\cat-2\c2-j-digest-summary-notification-builder\output-samples\success-error-digest.json","success-error-digest.json",".json","components\cat-2\c2-j-digest-summary-notification-builder\output-samples","1633","2026-05-25 22:06:50"
"components\cat-2\c2-j-digest-summary-notification-builder\test-payloads\approval-digest.valid.json","approval-digest.valid.json",".json","components\cat-2\c2-j-digest-summary-notification-builder\test-payloads","1330","2026-05-25 21:58:33"
"components\cat-2\c2-j-digest-summary-notification-builder\test-payloads\daily-digest.valid.json","daily-digest.valid.json",".json","components\cat-2\c2-j-digest-summary-notification-builder\test-payloads","2011","2026-05-25 21:58:33"
"components\cat-2\c2-j-digest-summary-notification-builder\test-payloads\digest-not-requested.invalid.json","digest-not-requested.invalid.json",".json","components\cat-2\c2-j-digest-summary-notification-builder\test-payloads","627","2026-05-25 21:58:33"
"components\cat-2\c2-j-digest-summary-notification-builder\test-payloads\error-digest.valid.json","error-digest.valid.json",".json","components\cat-2\c2-j-digest-summary-notification-builder\test-payloads","1379","2026-05-25 21:58:33"
"components\cat-2\c2-j-digest-summary-notification-builder\test-payloads\missing-records.invalid.json","missing-records.invalid.json",".json","components\cat-2\c2-j-digest-summary-notification-builder\test-payloads","619","2026-05-25 21:58:33"
"components\cat-2\c2-j-digest-summary-notification-builder\test-payloads\upstream-failed.invalid.json","upstream-failed.invalid.json",".json","components\cat-2\c2-j-digest-summary-notification-builder\test-payloads","737","2026-05-25 21:58:33"
"components\cat-2\c2-j-digest-summary-notification-builder\workflows\c2-j-core-digest-summary-notification-builder-v1.json","c2-j-core-digest-summary-notification-builder-v1.json",".json","components\cat-2\c2-j-digest-summary-notification-builder\workflows","13037","2026-05-25 22:03:59"
"components\cat-2\c2-k-llm-in-workflow-adapter\README.md","README.md",".md","components\cat-2\c2-k-llm-in-workflow-adapter","5177","2026-05-25 20:05:11"
"components\cat-2\c2-k-llm-in-workflow-adapter\output-samples\error-ai-not-requested.json","error-ai-not-requested.json",".json","components\cat-2\c2-k-llm-in-workflow-adapter\output-samples","681","2026-05-25 20:06:55"
"components\cat-2\c2-k-llm-in-workflow-adapter\output-samples\error-missing-model.json","error-missing-model.json",".json","components\cat-2\c2-k-llm-in-workflow-adapter\output-samples","644","2026-05-25 20:06:55"
"components\cat-2\c2-k-llm-in-workflow-adapter\output-samples\error-upstream-action-failed.json","error-upstream-action-failed.json",".json","components\cat-2\c2-k-llm-in-workflow-adapter\output-samples","778","2026-05-25 20:06:55"
"components\cat-2\c2-k-llm-in-workflow-adapter\output-samples\success-content-classification.json","success-content-classification.json",".json","components\cat-2\c2-k-llm-in-workflow-adapter\output-samples","1115","2026-05-25 20:06:55"
"components\cat-2\c2-k-llm-in-workflow-adapter\output-samples\success-lead-summary.json","success-lead-summary.json",".json","components\cat-2\c2-k-llm-in-workflow-adapter\output-samples","1200","2026-05-25 20:06:55"
"components\cat-2\c2-k-llm-in-workflow-adapter\test-payloads\ai-not-requested.invalid.json","ai-not-requested.invalid.json",".json","components\cat-2\c2-k-llm-in-workflow-adapter\test-payloads","792","2026-05-25 19:20:26"
"components\cat-2\c2-k-llm-in-workflow-adapter\test-payloads\content-classification.valid.json","content-classification.valid.json",".json","components\cat-2\c2-k-llm-in-workflow-adapter\test-payloads","1073","2026-05-25 19:20:26"
"components\cat-2\c2-k-llm-in-workflow-adapter\test-payloads\lead-summary.valid.json","lead-summary.valid.json",".json","components\cat-2\c2-k-llm-in-workflow-adapter\test-payloads","1035","2026-05-25 19:20:26"
"components\cat-2\c2-k-llm-in-workflow-adapter\test-payloads\missing-model.invalid.json","missing-model.invalid.json",".json","components\cat-2\c2-k-llm-in-workflow-adapter\test-payloads","747","2026-05-25 19:20:26"
"components\cat-2\c2-k-llm-in-workflow-adapter\test-payloads\upstream-failed.invalid.json","upstream-failed.invalid.json",".json","components\cat-2\c2-k-llm-in-workflow-adapter\test-payloads","832","2026-05-25 19:20:26"
"components\cat-2\c2-k-llm-in-workflow-adapter\workflows\c2-k-core-groq-openai-compatible-llm-adapter-v1.json","c2-k-core-groq-openai-compatible-llm-adapter-v1.json",".json","components\cat-2\c2-k-llm-in-workflow-adapter\workflows","14403","2026-05-25 19:59:34"
"components\cat-2\c2-l-calendar-scheduling-automation\README.md","README.md",".md","components\cat-2\c2-l-calendar-scheduling-automation","6701","2026-05-26 17:35:38"
"components\cat-2\c2-l-calendar-scheduling-automation\output-samples\error-missing-booking-url.json","error-missing-booking-url.json",".json","components\cat-2\c2-l-calendar-scheduling-automation\output-samples","640","2026-05-26 17:37:10"
"components\cat-2\c2-l-calendar-scheduling-automation\output-samples\error-missing-event-time.json","error-missing-event-time.json",".json","components\cat-2\c2-l-calendar-scheduling-automation\output-samples","680","2026-05-26 17:37:10"
"components\cat-2\c2-l-calendar-scheduling-automation\output-samples\error-missing-provider.json","error-missing-provider.json",".json","components\cat-2\c2-l-calendar-scheduling-automation\output-samples","606","2026-05-26 17:37:10"
"components\cat-2\c2-l-calendar-scheduling-automation\output-samples\error-scheduling-not-requested.json","error-scheduling-not-requested.json",".json","components\cat-2\c2-l-calendar-scheduling-automation\output-samples","627","2026-05-26 17:37:10"
"components\cat-2\c2-l-calendar-scheduling-automation\output-samples\error-upstream-action-failed.json","error-upstream-action-failed.json",".json","components\cat-2\c2-l-calendar-scheduling-automation\output-samples","709","2026-05-26 17:37:10"
"components\cat-2\c2-l-calendar-scheduling-automation\output-samples\success-cal-com-link.json","success-cal-com-link.json",".json","components\cat-2\c2-l-calendar-scheduling-automation\output-samples","2249","2026-05-26 17:37:10"
"components\cat-2\c2-l-calendar-scheduling-automation\output-samples\success-calendly-link.json","success-calendly-link.json",".json","components\cat-2\c2-l-calendar-scheduling-automation\output-samples","2261","2026-05-26 17:37:10"
"components\cat-2\c2-l-calendar-scheduling-automation\output-samples\success-google-calendar-event.json","success-google-calendar-event.json",".json","components\cat-2\c2-l-calendar-scheduling-automation\output-samples","2200","2026-05-26 17:37:10"
"components\cat-2\c2-l-calendar-scheduling-automation\output-samples\success-manual-scheduling.json","success-manual-scheduling.json",".json","components\cat-2\c2-l-calendar-scheduling-automation\output-samples","1970","2026-05-26 17:37:10"
"components\cat-2\c2-l-calendar-scheduling-automation\test-payloads\cal-com-link.valid.json","cal-com-link.valid.json",".json","components\cat-2\c2-l-calendar-scheduling-automation\test-payloads","1241","2026-05-26 17:25:57"
"components\cat-2\c2-l-calendar-scheduling-automation\test-payloads\calendly-link.valid.json","calendly-link.valid.json",".json","components\cat-2\c2-l-calendar-scheduling-automation\test-payloads","1248","2026-05-26 17:25:57"
"components\cat-2\c2-l-calendar-scheduling-automation\test-payloads\google-calendar-event.valid.json","google-calendar-event.valid.json",".json","components\cat-2\c2-l-calendar-scheduling-automation\test-payloads","1297","2026-05-26 17:25:57"
"components\cat-2\c2-l-calendar-scheduling-automation\test-payloads\manual-scheduling.valid.json","manual-scheduling.valid.json",".json","components\cat-2\c2-l-calendar-scheduling-automation\test-payloads","1173","2026-05-26 17:25:57"
"components\cat-2\c2-l-calendar-scheduling-automation\test-payloads\missing-booking-url.invalid.json","missing-booking-url.invalid.json",".json","components\cat-2\c2-l-calendar-scheduling-automation\test-payloads","612","2026-05-26 17:25:57"
"components\cat-2\c2-l-calendar-scheduling-automation\test-payloads\missing-event-time.invalid.json","missing-event-time.invalid.json",".json","components\cat-2\c2-l-calendar-scheduling-automation\test-payloads","693","2026-05-26 17:25:57"
"components\cat-2\c2-l-calendar-scheduling-automation\test-payloads\missing-provider.invalid.json","missing-provider.invalid.json",".json","components\cat-2\c2-l-calendar-scheduling-automation\test-payloads","649","2026-05-26 17:25:57"
"components\cat-2\c2-l-calendar-scheduling-automation\test-payloads\scheduling-not-requested.invalid.json","scheduling-not-requested.invalid.json",".json","components\cat-2\c2-l-calendar-scheduling-automation\test-payloads","676","2026-05-26 17:25:57"
"components\cat-2\c2-l-calendar-scheduling-automation\test-payloads\upstream-failed.invalid.json","upstream-failed.invalid.json",".json","components\cat-2\c2-l-calendar-scheduling-automation\test-payloads","729","2026-05-26 17:25:57"
"components\cat-2\c2-l-calendar-scheduling-automation\workflows\c2-l-core-calendar-scheduling-automation-v1.json","c2-l-core-calendar-scheduling-automation-v1.json",".json","components\cat-2\c2-l-calendar-scheduling-automation\workflows","16614","2026-05-26 17:32:46"
"components\cat-2\c2-m-whatsapp-message-automation\README.md","README.md",".md","components\cat-2\c2-m-whatsapp-message-automation","6348","2026-05-26 18:00:16"
"components\cat-2\c2-m-whatsapp-message-automation\output-samples\error-missing-message-body.json","error-missing-message-body.json",".json","components\cat-2\c2-m-whatsapp-message-automation\output-samples","615","2026-05-26 18:01:14"
"components\cat-2\c2-m-whatsapp-message-automation\output-samples\error-missing-provider.json","error-missing-provider.json",".json","components\cat-2\c2-m-whatsapp-message-automation\output-samples","590","2026-05-26 18:01:14"
"components\cat-2\c2-m-whatsapp-message-automation\output-samples\error-missing-recipient-phone.json","error-missing-recipient-phone.json",".json","components\cat-2\c2-m-whatsapp-message-automation\output-samples","605","2026-05-26 18:01:14"
"components\cat-2\c2-m-whatsapp-message-automation\output-samples\error-not-approved.json","error-not-approved.json",".json","components\cat-2\c2-m-whatsapp-message-automation\output-samples","629","2026-05-26 18:01:14"
"components\cat-2\c2-m-whatsapp-message-automation\output-samples\error-upstream-action-failed.json","error-upstream-action-failed.json",".json","components\cat-2\c2-m-whatsapp-message-automation\output-samples","687","2026-05-26 18:01:14"
"components\cat-2\c2-m-whatsapp-message-automation\output-samples\error-whatsapp-not-requested.json","error-whatsapp-not-requested.json",".json","components\cat-2\c2-m-whatsapp-message-automation\output-samples","599","2026-05-26 18:01:14"
"components\cat-2\c2-m-whatsapp-message-automation\output-samples\success-manual-whatsapp.json","success-manual-whatsapp.json",".json","components\cat-2\c2-m-whatsapp-message-automation\output-samples","1829","2026-05-26 18:01:14"
"components\cat-2\c2-m-whatsapp-message-automation\output-samples\success-twilio-whatsapp.json","success-twilio-whatsapp.json",".json","components\cat-2\c2-m-whatsapp-message-automation\output-samples","1839","2026-05-26 18:01:14"
"components\cat-2\c2-m-whatsapp-message-automation\output-samples\success-wati-handoff.json","success-wati-handoff.json",".json","components\cat-2\c2-m-whatsapp-message-automation\output-samples","1770","2026-05-26 18:01:14"
"components\cat-2\c2-m-whatsapp-message-automation\output-samples\success-whatsapp-cloud-api.json","success-whatsapp-cloud-api.json",".json","components\cat-2\c2-m-whatsapp-message-automation\output-samples","2313","2026-05-26 18:01:14"
"components\cat-2\c2-m-whatsapp-message-automation\test-payloads\manual-whatsapp.valid.json","manual-whatsapp.valid.json",".json","components\cat-2\c2-m-whatsapp-message-automation\test-payloads","1016","2026-05-26 17:48:01"
"components\cat-2\c2-m-whatsapp-message-automation\test-payloads\missing-message-body.invalid.json","missing-message-body.invalid.json",".json","components\cat-2\c2-m-whatsapp-message-automation\test-payloads","742","2026-05-26 17:48:01"
"components\cat-2\c2-m-whatsapp-message-automation\test-payloads\missing-provider.invalid.json","missing-provider.invalid.json",".json","components\cat-2\c2-m-whatsapp-message-automation\test-payloads","658","2026-05-26 17:48:01"
"components\cat-2\c2-m-whatsapp-message-automation\test-payloads\missing-recipient-phone.invalid.json","missing-recipient-phone.invalid.json",".json","components\cat-2\c2-m-whatsapp-message-automation\test-payloads","732","2026-05-26 17:48:01"
"components\cat-2\c2-m-whatsapp-message-automation\test-payloads\not-approved.invalid.json","not-approved.invalid.json",".json","components\cat-2\c2-m-whatsapp-message-automation\test-payloads","813","2026-05-26 17:48:01"
"components\cat-2\c2-m-whatsapp-message-automation\test-payloads\twilio-whatsapp.valid.json","twilio-whatsapp.valid.json",".json","components\cat-2\c2-m-whatsapp-message-automation\test-payloads","1170","2026-05-26 17:48:01"
"components\cat-2\c2-m-whatsapp-message-automation\test-payloads\upstream-failed.invalid.json","upstream-failed.invalid.json",".json","components\cat-2\c2-m-whatsapp-message-automation\test-payloads","720","2026-05-26 17:48:01"
"components\cat-2\c2-m-whatsapp-message-automation\test-payloads\wati-handoff.valid.json","wati-handoff.valid.json",".json","components\cat-2\c2-m-whatsapp-message-automation\test-payloads","1157","2026-05-26 17:48:01"
"components\cat-2\c2-m-whatsapp-message-automation\test-payloads\whatsapp-cloud-api.valid.json","whatsapp-cloud-api.valid.json",".json","components\cat-2\c2-m-whatsapp-message-automation\test-payloads","1231","2026-05-26 17:48:01"
"components\cat-2\c2-m-whatsapp-message-automation\test-payloads\whatsapp-not-requested.invalid.json","whatsapp-not-requested.invalid.json",".json","components\cat-2\c2-m-whatsapp-message-automation\test-payloads","622","2026-05-26 17:48:01"
"components\cat-2\c2-m-whatsapp-message-automation\workflows\c2-m-core-whatsapp-message-automation-v1.json","c2-m-core-whatsapp-message-automation-v1.json",".json","components\cat-2\c2-m-whatsapp-message-automation\workflows","15739","2026-05-26 17:57:20"
"components\cat-2\c2-n-csv-excel-parser\README.md","README.md",".md","components\cat-2\c2-n-csv-excel-parser","5722","2026-05-26 01:49:45"
"components\cat-2\c2-n-csv-excel-parser\output-samples\error-missing-field-map.json","error-missing-field-map.json",".json","components\cat-2\c2-n-csv-excel-parser\output-samples","716","2026-05-26 01:50:44"
"components\cat-2\c2-n-csv-excel-parser\output-samples\error-missing-rows.json","error-missing-rows.json",".json","components\cat-2\c2-n-csv-excel-parser\output-samples","706","2026-05-26 01:50:44"
"components\cat-2\c2-n-csv-excel-parser\output-samples\error-parser-not-requested.json","error-parser-not-requested.json",".json","components\cat-2\c2-n-csv-excel-parser\output-samples","725","2026-05-26 01:50:44"
"components\cat-2\c2-n-csv-excel-parser\output-samples\error-upstream-action-failed.json","error-upstream-action-failed.json",".json","components\cat-2\c2-n-csv-excel-parser\output-samples","814","2026-05-26 01:50:44"
"components\cat-2\c2-n-csv-excel-parser\output-samples\success-csv-rows.json","success-csv-rows.json",".json","components\cat-2\c2-n-csv-excel-parser\output-samples","2776","2026-05-26 01:50:44"
"components\cat-2\c2-n-csv-excel-parser\output-samples\success-excel-rows.json","success-excel-rows.json",".json","components\cat-2\c2-n-csv-excel-parser\output-samples","2506","2026-05-26 01:50:44"
"components\cat-2\c2-n-csv-excel-parser\output-samples\success-messy-rows.json","success-messy-rows.json",".json","components\cat-2\c2-n-csv-excel-parser\output-samples","2486","2026-05-26 01:50:44"
"components\cat-2\c2-n-csv-excel-parser\test-payloads\csv-rows.valid.json","csv-rows.valid.json",".json","components\cat-2\c2-n-csv-excel-parser\test-payloads","1524","2026-05-26 01:32:03"
"components\cat-2\c2-n-csv-excel-parser\test-payloads\excel-rows.valid.json","excel-rows.valid.json",".json","components\cat-2\c2-n-csv-excel-parser\test-payloads","1359","2026-05-26 01:32:03"
"components\cat-2\c2-n-csv-excel-parser\test-payloads\messy-rows.valid.json","messy-rows.valid.json",".json","components\cat-2\c2-n-csv-excel-parser\test-payloads","1273","2026-05-26 01:32:03"
"components\cat-2\c2-n-csv-excel-parser\test-payloads\missing-field-map.invalid.json","missing-field-map.invalid.json",".json","components\cat-2\c2-n-csv-excel-parser\test-payloads","566","2026-05-26 01:32:03"
"components\cat-2\c2-n-csv-excel-parser\test-payloads\missing-rows.invalid.json","missing-rows.invalid.json",".json","components\cat-2\c2-n-csv-excel-parser\test-payloads","528","2026-05-26 01:32:03"
"components\cat-2\c2-n-csv-excel-parser\test-payloads\parser-not-requested.invalid.json","parser-not-requested.invalid.json",".json","components\cat-2\c2-n-csv-excel-parser\test-payloads","632","2026-05-26 01:32:03"
"components\cat-2\c2-n-csv-excel-parser\test-payloads\upstream-failed.invalid.json","upstream-failed.invalid.json",".json","components\cat-2\c2-n-csv-excel-parser\test-payloads","665","2026-05-26 01:32:03"
"components\cat-2\c2-n-csv-excel-parser\workflows\c2-n-core-csv-excel-parser-v1.json","c2-n-core-csv-excel-parser-v1.json",".json","components\cat-2\c2-n-csv-excel-parser\workflows","13121","2026-05-26 01:47:22"
"components\cat-2\c2-o-human-approval-gate\README.md","README.md",".md","components\cat-2\c2-o-human-approval-gate","3875","2026-05-25 16:47:07"
"components\cat-2\c2-o-human-approval-gate\output-samples\error-approval-not-requested.json","error-approval-not-requested.json",".json","components\cat-2\c2-o-human-approval-gate\output-samples","805","2026-05-25 16:46:05"
"components\cat-2\c2-o-human-approval-gate\output-samples\error-missing-reviewer.json","error-missing-reviewer.json",".json","components\cat-2\c2-o-human-approval-gate\output-samples","737","2026-05-25 16:46:05"
"components\cat-2\c2-o-human-approval-gate\output-samples\error-upstream-action-failed.json","error-upstream-action-failed.json",".json","components\cat-2\c2-o-human-approval-gate\output-samples","809","2026-05-25 16:46:05"
"components\cat-2\c2-o-human-approval-gate\output-samples\success-campaign-approval.json","success-campaign-approval.json",".json","components\cat-2\c2-o-human-approval-gate\output-samples","1141","2026-05-25 16:46:05"
"components\cat-2\c2-o-human-approval-gate\output-samples\success-content-approval.json","success-content-approval.json",".json","components\cat-2\c2-o-human-approval-gate\output-samples","1220","2026-05-25 16:46:05"
"components\cat-2\c2-o-human-approval-gate\test-payloads\approval-not-requested.invalid.json","approval-not-requested.invalid.json",".json","components\cat-2\c2-o-human-approval-gate\test-payloads","731","2026-05-25 16:34:44"
"components\cat-2\c2-o-human-approval-gate\test-payloads\campaign-approval.valid.json","campaign-approval.valid.json",".json","components\cat-2\c2-o-human-approval-gate\test-payloads","901","2026-05-25 16:34:44"
"components\cat-2\c2-o-human-approval-gate\test-payloads\content-approval.valid.json","content-approval.valid.json",".json","components\cat-2\c2-o-human-approval-gate\test-payloads","979","2026-05-25 16:34:44"
"components\cat-2\c2-o-human-approval-gate\test-payloads\missing-reviewer.invalid.json","missing-reviewer.invalid.json",".json","components\cat-2\c2-o-human-approval-gate\test-payloads","680","2026-05-25 16:34:44"
"components\cat-2\c2-o-human-approval-gate\test-payloads\upstream-failed.invalid.json","upstream-failed.invalid.json",".json","components\cat-2\c2-o-human-approval-gate\test-payloads","784","2026-05-25 16:34:44"
"components\cat-2\c2-o-human-approval-gate\workflows\c2-o-core-human-approval-gate-v1.json","c2-o-core-human-approval-gate-v1.json",".json","components\cat-2\c2-o-human-approval-gate\workflows","9784","2026-05-25 16:44:40"
"components\cat-2\c2-o2-approval-response-capture\README.md","README.md",".md","components\cat-2\c2-o2-approval-response-capture","5247","2026-05-25 22:38:55"
"components\cat-2\c2-o2-approval-response-capture\output-samples\error-approval-response-not-requested.json","error-approval-response-not-requested.json",".json","components\cat-2\c2-o2-approval-response-capture\output-samples","578","2026-05-25 22:39:54"
"components\cat-2\c2-o2-approval-response-capture\output-samples\error-invalid-decision.json","error-invalid-decision.json",".json","components\cat-2\c2-o2-approval-response-capture\output-samples","589","2026-05-25 22:39:54"
"components\cat-2\c2-o2-approval-response-capture\output-samples\error-missing-response.json","error-missing-response.json",".json","components\cat-2\c2-o2-approval-response-capture\output-samples","561","2026-05-25 22:39:54"
"components\cat-2\c2-o2-approval-response-capture\output-samples\error-upstream-action-failed.json","error-upstream-action-failed.json",".json","components\cat-2\c2-o2-approval-response-capture\output-samples","668","2026-05-25 22:39:54"
"components\cat-2\c2-o2-approval-response-capture\output-samples\success-approve-response.json","success-approve-response.json",".json","components\cat-2\c2-o2-approval-response-capture\output-samples","1259","2026-05-25 22:39:54"
"components\cat-2\c2-o2-approval-response-capture\output-samples\success-reject-response.json","success-reject-response.json",".json","components\cat-2\c2-o2-approval-response-capture\output-samples","1263","2026-05-25 22:39:54"
"components\cat-2\c2-o2-approval-response-capture\output-samples\success-revise-response.json","success-revise-response.json",".json","components\cat-2\c2-o2-approval-response-capture\output-samples","1279","2026-05-25 22:39:54"
"components\cat-2\c2-o2-approval-response-capture\test-payloads\approval-response-not-requested.invalid.json","approval-response-not-requested.invalid.json",".json","components\cat-2\c2-o2-approval-response-capture\test-payloads","799","2026-05-25 22:30:34"
"components\cat-2\c2-o2-approval-response-capture\test-payloads\approve-response.valid.json","approve-response.valid.json",".json","components\cat-2\c2-o2-approval-response-capture\test-payloads","1307","2026-05-25 22:30:34"
"components\cat-2\c2-o2-approval-response-capture\test-payloads\invalid-decision.invalid.json","invalid-decision.invalid.json",".json","components\cat-2\c2-o2-approval-response-capture\test-payloads","822","2026-05-25 22:30:34"
"components\cat-2\c2-o2-approval-response-capture\test-payloads\missing-response.invalid.json","missing-response.invalid.json",".json","components\cat-2\c2-o2-approval-response-capture\test-payloads","669","2026-05-25 22:30:34"
"components\cat-2\c2-o2-approval-response-capture\test-payloads\reject-response.valid.json","reject-response.valid.json",".json","components\cat-2\c2-o2-approval-response-capture\test-payloads","1318","2026-05-25 22:30:34"
"components\cat-2\c2-o2-approval-response-capture\test-payloads\revise-response.valid.json","revise-response.valid.json",".json","components\cat-2\c2-o2-approval-response-capture\test-payloads","1314","2026-05-25 22:30:34"
"components\cat-2\c2-o2-approval-response-capture\test-payloads\upstream-failed.invalid.json","upstream-failed.invalid.json",".json","components\cat-2\c2-o2-approval-response-capture\test-payloads","912","2026-05-25 22:30:34"
"components\cat-2\c2-o2-approval-response-capture\workflows\c2-o2-core-approval-response-capture-v1.json","c2-o2-core-approval-response-capture-v1.json",".json","components\cat-2\c2-o2-approval-response-capture\workflows","10933","2026-05-25 22:35:41"
"components\cat-2\c2-p-suppression-opt-out-guard\README.md","README.md",".md","components\cat-2\c2-p-suppression-opt-out-guard","5103","2026-05-25 21:52:39"
"components\cat-2\c2-p-suppression-opt-out-guard\output-samples\error-suppression-not-requested.json","error-suppression-not-requested.json",".json","components\cat-2\c2-p-suppression-opt-out-guard\output-samples","718","2026-05-25 21:53:05"
"components\cat-2\c2-p-suppression-opt-out-guard\output-samples\error-upstream-action-failed.json","error-upstream-action-failed.json",".json","components\cat-2\c2-p-suppression-opt-out-guard\output-samples","824","2026-05-25 21:53:05"
"components\cat-2\c2-p-suppression-opt-out-guard\output-samples\success-allowed-contact.json","success-allowed-contact.json",".json","components\cat-2\c2-p-suppression-opt-out-guard\output-samples","646","2026-05-25 21:53:05"
"components\cat-2\c2-p-suppression-opt-out-guard\output-samples\success-blocked-domain.json","success-blocked-domain.json",".json","components\cat-2\c2-p-suppression-opt-out-guard\output-samples","689","2026-05-25 21:53:05"
"components\cat-2\c2-p-suppression-opt-out-guard\output-samples\success-blocked-suppression-email.json","success-blocked-suppression-email.json",".json","components\cat-2\c2-p-suppression-opt-out-guard\output-samples","894","2026-05-25 21:53:05"
"components\cat-2\c2-p-suppression-opt-out-guard\output-samples\success-manual-review-unknown-consent.json","success-manual-review-unknown-consent.json",".json","components\cat-2\c2-p-suppression-opt-out-guard\output-samples","714","2026-05-25 21:53:05"
"components\cat-2\c2-p-suppression-opt-out-guard\test-payloads\allowed-contact.valid.json","allowed-contact.valid.json",".json","components\cat-2\c2-p-suppression-opt-out-guard\test-payloads","1012","2026-05-25 21:41:56"
"components\cat-2\c2-p-suppression-opt-out-guard\test-payloads\blocked-domain.valid.json","blocked-domain.valid.json",".json","components\cat-2\c2-p-suppression-opt-out-guard\test-payloads","1024","2026-05-25 21:41:56"
"components\cat-2\c2-p-suppression-opt-out-guard\test-payloads\blocked-suppression-email.valid.json","blocked-suppression-email.valid.json",".json","components\cat-2\c2-p-suppression-opt-out-guard\test-payloads","1208","2026-05-25 21:41:56"
"components\cat-2\c2-p-suppression-opt-out-guard\test-payloads\manual-review-unknown-consent.valid.json","manual-review-unknown-consent.valid.json",".json","components\cat-2\c2-p-suppression-opt-out-guard\test-payloads","999","2026-05-25 21:41:56"
"components\cat-2\c2-p-suppression-opt-out-guard\test-payloads\suppression-not-requested.invalid.json","suppression-not-requested.invalid.json",".json","components\cat-2\c2-p-suppression-opt-out-guard\test-payloads","783","2026-05-25 21:41:56"
"components\cat-2\c2-p-suppression-opt-out-guard\test-payloads\upstream-failed.invalid.json","upstream-failed.invalid.json",".json","components\cat-2\c2-p-suppression-opt-out-guard\test-payloads","855","2026-05-25 21:41:56"
"components\cat-2\c2-p-suppression-opt-out-guard\workflows\c2-p-core-suppression-opt-out-guard-v1.json","c2-p-core-suppression-opt-out-guard-v1.json",".json","components\cat-2\c2-p-suppression-opt-out-guard\workflows","11268","2026-05-25 21:49:49"
"components\cat-2\c2-q-publishing-adapter-family\README.md","README.md",".md","components\cat-2\c2-q-publishing-adapter-family","6947","2026-05-26 18:57:41"
"components\cat-2\c2-q-publishing-adapter-family\output-samples\error-missing-body.json","error-missing-body.json",".json","components\cat-2\c2-q-publishing-adapter-family\output-samples","571","2026-05-26 18:58:53"
"components\cat-2\c2-q-publishing-adapter-family\output-samples\error-missing-platform.json","error-missing-platform.json",".json","components\cat-2\c2-q-publishing-adapter-family\output-samples","580","2026-05-26 18:58:53"
"components\cat-2\c2-q-publishing-adapter-family\output-samples\error-not-approved.json","error-not-approved.json",".json","components\cat-2\c2-q-publishing-adapter-family\output-samples","612","2026-05-26 18:58:53"
"components\cat-2\c2-q-publishing-adapter-family\output-samples\error-platform-not-allowed.json","error-platform-not-allowed.json",".json","components\cat-2\c2-q-publishing-adapter-family\output-samples","772","2026-05-26 18:58:53"
"components\cat-2\c2-q-publishing-adapter-family\output-samples\error-publishing-not-requested.json","error-publishing-not-requested.json",".json","components\cat-2\c2-q-publishing-adapter-family\output-samples","591","2026-05-26 18:58:53"
"components\cat-2\c2-q-publishing-adapter-family\output-samples\error-upstream-action-failed.json","error-upstream-action-failed.json",".json","components\cat-2\c2-q-publishing-adapter-family\output-samples","688","2026-05-26 18:58:53"
"components\cat-2\c2-q-publishing-adapter-family\output-samples\success-linkedin-post.json","success-linkedin-post.json",".json","components\cat-2\c2-q-publishing-adapter-family\output-samples","2521","2026-05-26 18:58:53"
"components\cat-2\c2-q-publishing-adapter-family\output-samples\success-manual-publish.json","success-manual-publish.json",".json","components\cat-2\c2-q-publishing-adapter-family\output-samples","1808","2026-05-26 18:58:53"
"components\cat-2\c2-q-publishing-adapter-family\output-samples\success-webflow-cms.json","success-webflow-cms.json",".json","components\cat-2\c2-q-publishing-adapter-family\output-samples","2082","2026-05-26 18:58:53"
"components\cat-2\c2-q-publishing-adapter-family\output-samples\success-wordpress-blog.json","success-wordpress-blog.json",".json","components\cat-2\c2-q-publishing-adapter-family\output-samples","2548","2026-05-26 18:58:53"
"components\cat-2\c2-q-publishing-adapter-family\output-samples\success-x-twitter-post.json","success-x-twitter-post.json",".json","components\cat-2\c2-q-publishing-adapter-family\output-samples","1954","2026-05-26 18:58:53"
"components\cat-2\c2-q-publishing-adapter-family\test-payloads\linkedin-post.valid.json","linkedin-post.valid.json",".json","components\cat-2\c2-q-publishing-adapter-family\test-payloads","1521","2026-05-26 18:44:28"
"components\cat-2\c2-q-publishing-adapter-family\test-payloads\manual-publish.valid.json","manual-publish.valid.json",".json","components\cat-2\c2-q-publishing-adapter-family\test-payloads","1149","2026-05-26 18:44:28"
"components\cat-2\c2-q-publishing-adapter-family\test-payloads\missing-body.invalid.json","missing-body.invalid.json",".json","components\cat-2\c2-q-publishing-adapter-family\test-payloads","580","2026-05-26 18:44:28"
"components\cat-2\c2-q-publishing-adapter-family\test-payloads\missing-platform.invalid.json","missing-platform.invalid.json",".json","components\cat-2\c2-q-publishing-adapter-family\test-payloads","578","2026-05-26 18:44:28"
"components\cat-2\c2-q-publishing-adapter-family\test-payloads\not-approved.invalid.json","not-approved.invalid.json",".json","components\cat-2\c2-q-publishing-adapter-family\test-payloads","603","2026-05-26 18:44:28"
"components\cat-2\c2-q-publishing-adapter-family\test-payloads\platform-not-allowed.invalid.json","platform-not-allowed.invalid.json",".json","components\cat-2\c2-q-publishing-adapter-family\test-payloads","697","2026-05-26 18:44:28"
"components\cat-2\c2-q-publishing-adapter-family\test-payloads\publishing-not-requested.invalid.json","publishing-not-requested.invalid.json",".json","components\cat-2\c2-q-publishing-adapter-family\test-payloads","598","2026-05-26 18:44:28"
"components\cat-2\c2-q-publishing-adapter-family\test-payloads\upstream-failed.invalid.json","upstream-failed.invalid.json",".json","components\cat-2\c2-q-publishing-adapter-family\test-payloads","607","2026-05-26 18:44:28"
"components\cat-2\c2-q-publishing-adapter-family\test-payloads\webflow-cms.valid.json","webflow-cms.valid.json",".json","components\cat-2\c2-q-publishing-adapter-family\test-payloads","1431","2026-05-26 18:44:28"
"components\cat-2\c2-q-publishing-adapter-family\test-payloads\wordpress-blog.valid.json","wordpress-blog.valid.json",".json","components\cat-2\c2-q-publishing-adapter-family\test-payloads","1690","2026-05-26 18:44:28"
"components\cat-2\c2-q-publishing-adapter-family\test-payloads\x-twitter-post.valid.json","x-twitter-post.valid.json",".json","components\cat-2\c2-q-publishing-adapter-family\test-payloads","1304","2026-05-26 18:44:28"
"components\cat-2\c2-q-publishing-adapter-family\workflows\c2-q-core-publishing-adapter-family-v1.json","c2-q-core-publishing-adapter-family-v1.json",".json","components\cat-2\c2-q-publishing-adapter-family\workflows","17195","2026-05-26 18:53:00"
"components\cat-3\c3-d-e-signature-flow\README.md","README.md",".md","components\cat-3\c3-d-e-signature-flow","350","2026-05-25 21:39:26"
"components\cat-3\c3-e-document-invoice-generation\README.md","README.md",".md","components\cat-3\c3-e-document-invoice-generation","380","2026-05-25 21:39:26"
"components\cat-3\c3-f-delivery-tracking\README.md","README.md",".md","components\cat-3\c3-f-delivery-tracking","357","2026-05-25 21:39:26"
"components\cat-3\c3-g-subscription-billing-engine\README.md","README.md",".md","components\cat-3\c3-g-subscription-billing-engine","373","2026-05-25 21:39:26"
"components\cat-3\c3-h-payment-to-onboarding\README.md","README.md",".md","components\cat-3\c3-h-payment-to-onboarding","384","2026-05-25 21:39:26"
"components\cat-3\c3-i-welcome-sequence\README.md","README.md",".md","components\cat-3\c3-i-welcome-sequence","367","2026-05-25 21:39:26"
"components\cat-4\c4-a-ai-classification-pipeline\README.md","README.md",".md","components\cat-4\c4-a-ai-classification-pipeline","7416","2026-05-26 02:41:42"
"components\cat-4\c4-a-ai-classification-pipeline\output-samples\error-classification-not-requested.json","error-classification-not-requested.json",".json","components\cat-4\c4-a-ai-classification-pipeline\output-samples","587","2026-05-26 02:42:34"
"components\cat-4\c4-a-ai-classification-pipeline\output-samples\error-missing-client-profile.json","error-missing-client-profile.json",".json","components\cat-4\c4-a-ai-classification-pipeline\output-samples","586","2026-05-26 02:42:34"
"components\cat-4\c4-a-ai-classification-pipeline\output-samples\error-upstream-action-failed.json","error-upstream-action-failed.json",".json","components\cat-4\c4-a-ai-classification-pipeline\output-samples","670","2026-05-26 02:42:34"
"components\cat-4\c4-a-ai-classification-pipeline\output-samples\success-manual-review-classification.json","success-manual-review-classification.json",".json","components\cat-4\c4-a-ai-classification-pipeline\output-samples","2019","2026-05-26 02:42:34"
"components\cat-4\c4-a-ai-classification-pipeline\output-samples\success-qualified-lead-classification.json","success-qualified-lead-classification.json",".json","components\cat-4\c4-a-ai-classification-pipeline\output-samples","2126","2026-05-26 02:42:34"
"components\cat-4\c4-a-ai-classification-pipeline\output-samples\success-spam-classification.json","success-spam-classification.json",".json","components\cat-4\c4-a-ai-classification-pipeline\output-samples","2000","2026-05-26 02:42:34"
"components\cat-4\c4-a-ai-classification-pipeline\output-samples\success-support-request-classification.json","success-support-request-classification.json",".json","components\cat-4\c4-a-ai-classification-pipeline\output-samples","2148","2026-05-26 02:42:34"
"components\cat-4\c4-a-ai-classification-pipeline\test-payloads\classification-not-requested.invalid.json","classification-not-requested.invalid.json",".json","components\cat-4\c4-a-ai-classification-pipeline\test-payloads","932","2026-05-26 02:24:10"
"components\cat-4\c4-a-ai-classification-pipeline\test-payloads\manual-review-classification.valid.json","manual-review-classification.valid.json",".json","components\cat-4\c4-a-ai-classification-pipeline\test-payloads","2023","2026-05-26 02:24:10"
"components\cat-4\c4-a-ai-classification-pipeline\test-payloads\missing-client-profile.invalid.json","missing-client-profile.invalid.json",".json","components\cat-4\c4-a-ai-classification-pipeline\test-payloads","792","2026-05-26 02:24:10"
"components\cat-4\c4-a-ai-classification-pipeline\test-payloads\qualified-lead-classification.valid.json","qualified-lead-classification.valid.json",".json","components\cat-4\c4-a-ai-classification-pipeline\test-payloads","2440","2026-05-26 02:24:10"
"components\cat-4\c4-a-ai-classification-pipeline\test-payloads\spam-classification.valid.json","spam-classification.valid.json",".json","components\cat-4\c4-a-ai-classification-pipeline\test-payloads","1882","2026-05-26 02:24:10"
"components\cat-4\c4-a-ai-classification-pipeline\test-payloads\support-request-classification.valid.json","support-request-classification.valid.json",".json","components\cat-4\c4-a-ai-classification-pipeline\test-payloads","1986","2026-05-26 02:24:10"
"components\cat-4\c4-a-ai-classification-pipeline\test-payloads\upstream-failed.invalid.json","upstream-failed.invalid.json",".json","components\cat-4\c4-a-ai-classification-pipeline\test-payloads","957","2026-05-26 02:24:10"
"components\cat-4\c4-a-ai-classification-pipeline\workflows\c4-a-core-ai-classification-pipeline-v1.json","c4-a-core-ai-classification-pipeline-v1.json",".json","components\cat-4\c4-a-ai-classification-pipeline\workflows","24212","2026-05-26 02:39:11"
"components\cat-4\c4-b-ai-extraction-parser\README.md","README.md",".md","components\cat-4\c4-b-ai-extraction-parser","7308","2026-05-26 12:17:08"
"components\cat-4\c4-b-ai-extraction-parser\output-samples\error-extraction-not-requested.json","error-extraction-not-requested.json",".json","components\cat-4\c4-b-ai-extraction-parser\output-samples","579","2026-05-26 12:17:41"
"components\cat-4\c4-b-ai-extraction-parser\output-samples\error-missing-client-profile.json","error-missing-client-profile.json",".json","components\cat-4\c4-b-ai-extraction-parser\output-samples","582","2026-05-26 12:17:41"
"components\cat-4\c4-b-ai-extraction-parser\output-samples\error-missing-raw-text.json","error-missing-raw-text.json",".json","components\cat-4\c4-b-ai-extraction-parser\output-samples","584","2026-05-26 12:17:41"
"components\cat-4\c4-b-ai-extraction-parser\output-samples\error-upstream-action-failed.json","error-upstream-action-failed.json",".json","components\cat-4\c4-b-ai-extraction-parser\output-samples","669","2026-05-26 12:17:41"
"components\cat-4\c4-b-ai-extraction-parser\output-samples\success-inbound-lead-text.json","success-inbound-lead-text.json",".json","components\cat-4\c4-b-ai-extraction-parser\output-samples","2596","2026-05-26 12:17:41"
"components\cat-4\c4-b-ai-extraction-parser\output-samples\success-missing-required-fields.json","success-missing-required-fields.json",".json","components\cat-4\c4-b-ai-extraction-parser\output-samples","2357","2026-05-26 12:17:41"
"components\cat-4\c4-b-ai-extraction-parser\output-samples\success-support-text.json","success-support-text.json",".json","components\cat-4\c4-b-ai-extraction-parser\output-samples","2283","2026-05-26 12:17:41"
"components\cat-4\c4-b-ai-extraction-parser\test-payloads\extraction-not-requested.invalid.json","extraction-not-requested.invalid.json",".json","components\cat-4\c4-b-ai-extraction-parser\test-payloads","797","2026-05-26 11:56:24"
"components\cat-4\c4-b-ai-extraction-parser\test-payloads\inbound-lead-text.valid.json","inbound-lead-text.valid.json",".json","components\cat-4\c4-b-ai-extraction-parser\test-payloads","1959","2026-05-26 11:56:24"
"components\cat-4\c4-b-ai-extraction-parser\test-payloads\missing-client-profile.invalid.json","missing-client-profile.invalid.json",".json","components\cat-4\c4-b-ai-extraction-parser\test-payloads","609","2026-05-26 11:56:24"
"components\cat-4\c4-b-ai-extraction-parser\test-payloads\missing-raw-text.invalid.json","missing-raw-text.invalid.json",".json","components\cat-4\c4-b-ai-extraction-parser\test-payloads","787","2026-05-26 11:56:24"
"components\cat-4\c4-b-ai-extraction-parser\test-payloads\missing-required-fields.valid.json","missing-required-fields.valid.json",".json","components\cat-4\c4-b-ai-extraction-parser\test-payloads","1570","2026-05-26 11:56:24"
"components\cat-4\c4-b-ai-extraction-parser\test-payloads\support-text.valid.json","support-text.valid.json",".json","components\cat-4\c4-b-ai-extraction-parser\test-payloads","1640","2026-05-26 11:56:24"
"components\cat-4\c4-b-ai-extraction-parser\test-payloads\upstream-failed.invalid.json","upstream-failed.invalid.json",".json","components\cat-4\c4-b-ai-extraction-parser\test-payloads","889","2026-05-26 11:56:24"
"components\cat-4\c4-b-ai-extraction-parser\workflows\c4-b-core-ai-extraction-parser-v1.json","c4-b-core-ai-extraction-parser-v1.json",".json","components\cat-4\c4-b-ai-extraction-parser\workflows","24490","2026-05-26 12:15:12"
"components\cat-4\c4-c-ai-summary-generator\README.md","README.md",".md","components\cat-4\c4-c-ai-summary-generator","366","2026-05-25 20:19:29"
"components\cat-4\c4-d-ai-content-generation-pipeline\README.md","README.md",".md","components\cat-4\c4-d-ai-content-generation-pipeline","7488","2026-05-26 14:10:53"
"components\cat-4\c4-d-ai-content-generation-pipeline\output-samples\error-content-generation-not-requested.json","error-content-generation-not-requested.json",".json","components\cat-4\c4-d-ai-content-generation-pipeline\output-samples","569","2026-05-26 14:11:29"
"components\cat-4\c4-d-ai-content-generation-pipeline\output-samples\error-missing-client-profile.json","error-missing-client-profile.json",".json","components\cat-4\c4-d-ai-content-generation-pipeline\output-samples","560","2026-05-26 14:11:29"
"components\cat-4\c4-d-ai-content-generation-pipeline\output-samples\error-missing-content-brief.json","error-missing-content-brief.json",".json","components\cat-4\c4-d-ai-content-generation-pipeline\output-samples","572","2026-05-26 14:11:29"
"components\cat-4\c4-d-ai-content-generation-pipeline\output-samples\error-upstream-action-failed.json","error-upstream-action-failed.json",".json","components\cat-4\c4-d-ai-content-generation-pipeline\output-samples","644","2026-05-26 14:11:29"
"components\cat-4\c4-d-ai-content-generation-pipeline\output-samples\success-blog-draft.json","success-blog-draft.json",".json","components\cat-4\c4-d-ai-content-generation-pipeline\output-samples","3089","2026-05-26 14:11:29"
"components\cat-4\c4-d-ai-content-generation-pipeline\output-samples\success-linkedin-post.json","success-linkedin-post.json",".json","components\cat-4\c4-d-ai-content-generation-pipeline\output-samples","2790","2026-05-26 14:11:29"
"components\cat-4\c4-d-ai-content-generation-pipeline\output-samples\success-risky-ad-copy.json","success-risky-ad-copy.json",".json","components\cat-4\c4-d-ai-content-generation-pipeline\output-samples","2514","2026-05-26 14:11:29"
"components\cat-4\c4-d-ai-content-generation-pipeline\test-payloads\blog-draft.valid.json","blog-draft.valid.json",".json","components\cat-4\c4-d-ai-content-generation-pipeline\test-payloads","2977","2026-05-26 12:49:36"
"components\cat-4\c4-d-ai-content-generation-pipeline\test-payloads\content-generation-not-requested.invalid.json","content-generation-not-requested.invalid.json",".json","components\cat-4\c4-d-ai-content-generation-pipeline\test-payloads","861","2026-05-26 12:49:36"
"components\cat-4\c4-d-ai-content-generation-pipeline\test-payloads\linkedin-post.valid.json","linkedin-post.valid.json",".json","components\cat-4\c4-d-ai-content-generation-pipeline\test-payloads","3588","2026-05-26 12:49:36"
"components\cat-4\c4-d-ai-content-generation-pipeline\test-payloads\missing-client-profile.invalid.json","missing-client-profile.invalid.json",".json","components\cat-4\c4-d-ai-content-generation-pipeline\test-payloads","732","2026-05-26 12:49:36"
"components\cat-4\c4-d-ai-content-generation-pipeline\test-payloads\missing-content-brief.invalid.json","missing-content-brief.invalid.json",".json","components\cat-4\c4-d-ai-content-generation-pipeline\test-payloads","917","2026-05-26 12:49:36"
"components\cat-4\c4-d-ai-content-generation-pipeline\test-payloads\risky-ad-copy.valid.json","risky-ad-copy.valid.json",".json","components\cat-4\c4-d-ai-content-generation-pipeline\test-payloads","2213","2026-05-26 12:49:36"
"components\cat-4\c4-d-ai-content-generation-pipeline\test-payloads\upstream-failed.invalid.json","upstream-failed.invalid.json",".json","components\cat-4\c4-d-ai-content-generation-pipeline\test-payloads","954","2026-05-26 12:49:36"
"components\cat-4\c4-d-ai-content-generation-pipeline\workflows\c4-d-core-ai-content-generation-pipeline-v1.json","c4-d-core-ai-content-generation-pipeline-v1.json",".json","components\cat-4\c4-d-ai-content-generation-pipeline\workflows","25183","2026-05-26 14:08:14"
"components\cat-4\c4-e-ai-email-draft-generator\README.md","README.md",".md","components\cat-4\c4-e-ai-email-draft-generator","6151","2026-05-25 23:44:29"
"components\cat-4\c4-e-ai-email-draft-generator\output-samples\error-email-draft-not-requested.json","error-email-draft-not-requested.json",".json","components\cat-4\c4-e-ai-email-draft-generator\output-samples","546","2026-05-25 23:44:56"
"components\cat-4\c4-e-ai-email-draft-generator\output-samples\error-missing-client-profile.json","error-missing-client-profile.json",".json","components\cat-4\c4-e-ai-email-draft-generator\output-samples","548","2026-05-25 23:44:56"
"components\cat-4\c4-e-ai-email-draft-generator\output-samples\error-missing-llm-config.json","error-missing-llm-config.json",".json","components\cat-4\c4-e-ai-email-draft-generator\output-samples","519","2026-05-25 23:44:56"
"components\cat-4\c4-e-ai-email-draft-generator\output-samples\error-upstream-action-failed.json","error-upstream-action-failed.json",".json","components\cat-4\c4-e-ai-email-draft-generator\output-samples","632","2026-05-25 23:44:56"
"components\cat-4\c4-e-ai-email-draft-generator\output-samples\success-first-response-email.json","success-first-response-email.json",".json","components\cat-4\c4-e-ai-email-draft-generator\output-samples","2341","2026-05-25 23:44:56"
"components\cat-4\c4-e-ai-email-draft-generator\output-samples\success-follow-up-email.json","success-follow-up-email.json",".json","components\cat-4\c4-e-ai-email-draft-generator\output-samples","2348","2026-05-25 23:44:56"
"components\cat-4\c4-e-ai-email-draft-generator\test-payloads\email-draft-not-requested.invalid.json","email-draft-not-requested.invalid.json",".json","components\cat-4\c4-e-ai-email-draft-generator\test-payloads","779","2026-05-25 23:21:45"
"components\cat-4\c4-e-ai-email-draft-generator\test-payloads\first-response-email.valid.json","first-response-email.valid.json",".json","components\cat-4\c4-e-ai-email-draft-generator\test-payloads","4013","2026-05-25 23:21:45"
"components\cat-4\c4-e-ai-email-draft-generator\test-payloads\follow-up-email.valid.json","follow-up-email.valid.json",".json","components\cat-4\c4-e-ai-email-draft-generator\test-payloads","2482","2026-05-25 23:21:45"
"components\cat-4\c4-e-ai-email-draft-generator\test-payloads\missing-client-profile.invalid.json","missing-client-profile.invalid.json",".json","components\cat-4\c4-e-ai-email-draft-generator\test-payloads","760","2026-05-25 23:21:45"
"components\cat-4\c4-e-ai-email-draft-generator\test-payloads\missing-llm-config.invalid.json","missing-llm-config.invalid.json",".json","components\cat-4\c4-e-ai-email-draft-generator\test-payloads","775","2026-05-25 23:21:45"
"components\cat-4\c4-e-ai-email-draft-generator\test-payloads\upstream-failed.invalid.json","upstream-failed.invalid.json",".json","components\cat-4\c4-e-ai-email-draft-generator\test-payloads","797","2026-05-25 23:21:45"
"components\cat-4\c4-e-ai-email-draft-generator\workflows\c4-e-core-ai-email-draft-generator-v1.json","c4-e-core-ai-email-draft-generator-v1.json",".json","components\cat-4\c4-e-ai-email-draft-generator\workflows","18701","2026-05-25 23:41:01"
"components\cat-4\c4-f-ai-content-repurpose-engine\README.md","README.md",".md","components\cat-4\c4-f-ai-content-repurpose-engine","358","2026-05-25 20:19:29"
"components\cat-4\c4-l-lead-qualification-pipeline\README.md","README.md",".md","components\cat-4\c4-l-lead-qualification-pipeline","6622","2026-05-26 00:52:08"
"components\cat-4\c4-l-lead-qualification-pipeline\output-samples\error-missing-client-profile.json","error-missing-client-profile.json",".json","components\cat-4\c4-l-lead-qualification-pipeline\output-samples","580","2026-05-26 00:59:44"
"components\cat-4\c4-l-lead-qualification-pipeline\output-samples\error-qualification-not-requested.json","error-qualification-not-requested.json",".json","components\cat-4\c4-l-lead-qualification-pipeline\output-samples","580","2026-05-26 00:59:44"
"components\cat-4\c4-l-lead-qualification-pipeline\output-samples\error-upstream-action-failed.json","error-upstream-action-failed.json",".json","components\cat-4\c4-l-lead-qualification-pipeline\output-samples","690","2026-05-26 00:59:44"
"components\cat-4\c4-l-lead-qualification-pipeline\output-samples\success-manual-review-duplicate.json","success-manual-review-duplicate.json",".json","components\cat-4\c4-l-lead-qualification-pipeline\output-samples","1821","2026-05-26 00:59:44"
"components\cat-4\c4-l-lead-qualification-pipeline\output-samples\success-possible-fit-lead.json","success-possible-fit-lead.json",".json","components\cat-4\c4-l-lead-qualification-pipeline\output-samples","1029","2026-05-26 00:59:44"
"components\cat-4\c4-l-lead-qualification-pipeline\output-samples\success-qualified-lead.json","success-qualified-lead.json",".json","components\cat-4\c4-l-lead-qualification-pipeline\output-samples","1983","2026-05-26 00:59:44"
"components\cat-4\c4-l-lead-qualification-pipeline\output-samples\success-unqualified-lead.json","success-unqualified-lead.json",".json","components\cat-4\c4-l-lead-qualification-pipeline\output-samples","1057","2026-05-26 00:59:44"
"components\cat-4\c4-l-lead-qualification-pipeline\test-payloads\manual-review-duplicate.valid.json","manual-review-duplicate.valid.json",".json","components\cat-4\c4-l-lead-qualification-pipeline\test-payloads","1348","2026-05-26 00:31:05"
"components\cat-4\c4-l-lead-qualification-pipeline\test-payloads\missing-client-profile.invalid.json","missing-client-profile.invalid.json",".json","components\cat-4\c4-l-lead-qualification-pipeline\test-payloads","715","2026-05-26 00:31:05"
"components\cat-4\c4-l-lead-qualification-pipeline\test-payloads\possible-fit-lead.valid.json","possible-fit-lead.valid.json",".json","components\cat-4\c4-l-lead-qualification-pipeline\test-payloads","2536","2026-05-26 00:31:05"
"components\cat-4\c4-l-lead-qualification-pipeline\test-payloads\qualification-not-requested.invalid.json","qualification-not-requested.invalid.json",".json","components\cat-4\c4-l-lead-qualification-pipeline\test-payloads","861","2026-05-26 00:31:05"
"components\cat-4\c4-l-lead-qualification-pipeline\test-payloads\qualified-lead.valid.json","qualified-lead.valid.json",".json","components\cat-4\c4-l-lead-qualification-pipeline\test-payloads","2731","2026-05-26 00:31:05"
"components\cat-4\c4-l-lead-qualification-pipeline\test-payloads\unqualified-lead.valid.json","unqualified-lead.valid.json",".json","components\cat-4\c4-l-lead-qualification-pipeline\test-payloads","2316","2026-05-26 00:31:05"
"components\cat-4\c4-l-lead-qualification-pipeline\test-payloads\upstream-failed.invalid.json","upstream-failed.invalid.json",".json","components\cat-4\c4-l-lead-qualification-pipeline\test-payloads","897","2026-05-26 00:31:05"
"components\cat-4\c4-l-lead-qualification-pipeline\workflows\c4-l-core-lead-qualification-pipeline-v1.json","c4-l-core-lead-qualification-pipeline-v1.json",".json","components\cat-4\c4-l-lead-qualification-pipeline\workflows","21520","2026-05-26 00:48:56"
"components\cat-4\c4-m-ai-draft-approval-pipeline\README.md","README.md",".md","components\cat-4\c4-m-ai-draft-approval-pipeline","5366","2026-05-25 20:59:34"
"components\cat-4\c4-m-ai-draft-approval-pipeline\output-samples\error-ai-failed.json","error-ai-failed.json",".json","components\cat-4\c4-m-ai-draft-approval-pipeline\output-samples","638","2026-05-25 21:00:43"
"components\cat-4\c4-m-ai-draft-approval-pipeline\output-samples\error-missing-ai-result.json","error-missing-ai-result.json",".json","components\cat-4\c4-m-ai-draft-approval-pipeline\output-samples","503","2026-05-25 21:00:43"
"components\cat-4\c4-m-ai-draft-approval-pipeline\output-samples\error-missing-reviewer.json","error-missing-reviewer.json",".json","components\cat-4\c4-m-ai-draft-approval-pipeline\output-samples","512","2026-05-25 21:00:43"
"components\cat-4\c4-m-ai-draft-approval-pipeline\output-samples\success-blog-draft-approval.json","success-blog-draft-approval.json",".json","components\cat-4\c4-m-ai-draft-approval-pipeline\output-samples","3566","2026-05-25 21:00:43"
"components\cat-4\c4-m-ai-draft-approval-pipeline\output-samples\success-email-draft-approval.json","success-email-draft-approval.json",".json","components\cat-4\c4-m-ai-draft-approval-pipeline\output-samples","3628","2026-05-25 21:00:43"
"components\cat-4\c4-m-ai-draft-approval-pipeline\test-payloads\ai-failed.invalid.json","ai-failed.invalid.json",".json","components\cat-4\c4-m-ai-draft-approval-pipeline\test-payloads","990","2026-05-25 20:21:34"
"components\cat-4\c4-m-ai-draft-approval-pipeline\test-payloads\blog-draft-approval.valid.json","blog-draft-approval.valid.json",".json","components\cat-4\c4-m-ai-draft-approval-pipeline\test-payloads","2205","2026-05-25 20:21:34"
"components\cat-4\c4-m-ai-draft-approval-pipeline\test-payloads\email-draft-approval.valid.json","email-draft-approval.valid.json",".json","components\cat-4\c4-m-ai-draft-approval-pipeline\test-payloads","2403","2026-05-25 20:21:34"
"components\cat-4\c4-m-ai-draft-approval-pipeline\test-payloads\missing-ai-result.invalid.json","missing-ai-result.invalid.json",".json","components\cat-4\c4-m-ai-draft-approval-pipeline\test-payloads","676","2026-05-25 20:21:34"
"components\cat-4\c4-m-ai-draft-approval-pipeline\test-payloads\missing-reviewer.invalid.json","missing-reviewer.invalid.json",".json","components\cat-4\c4-m-ai-draft-approval-pipeline\test-payloads","1036","2026-05-25 20:21:34"
"components\cat-4\c4-m-ai-draft-approval-pipeline\workflows\c4-m-core-ai-draft-approval-pipeline-v1.json","c4-m-core-ai-draft-approval-pipeline-v1.json",".json","components\cat-4\c4-m-ai-draft-approval-pipeline\workflows","12191","2026-05-25 20:57:35"
"components\cat-4\c4-t-ocr-document-processing-pipeline\README.md","README.md",".md","components\cat-4\c4-t-ocr-document-processing-pipeline","6394","2026-05-26 19:31:03"
"components\cat-4\c4-t-ocr-document-processing-pipeline\output-samples\error-document-processing-not-requested.json","error-document-processing-not-requested.json",".json","components\cat-4\c4-t-ocr-document-processing-pipeline\output-samples","618","2026-05-26 19:31:50"
"components\cat-4\c4-t-ocr-document-processing-pipeline\output-samples\error-missing-file.json","error-missing-file.json",".json","components\cat-4\c4-t-ocr-document-processing-pipeline\output-samples","582","2026-05-26 19:31:50"
"components\cat-4\c4-t-ocr-document-processing-pipeline\output-samples\error-oversized-file.json","error-oversized-file.json",".json","components\cat-4\c4-t-ocr-document-processing-pipeline\output-samples","743","2026-05-26 19:31:50"
"components\cat-4\c4-t-ocr-document-processing-pipeline\output-samples\error-unsupported-extension.json","error-unsupported-extension.json",".json","components\cat-4\c4-t-ocr-document-processing-pipeline\output-samples","794","2026-05-26 19:31:50"
"components\cat-4\c4-t-ocr-document-processing-pipeline\output-samples\error-upstream-action-failed.json","error-upstream-action-failed.json",".json","components\cat-4\c4-t-ocr-document-processing-pipeline\output-samples","688","2026-05-26 19:31:50"
"components\cat-4\c4-t-ocr-document-processing-pipeline\output-samples\success-image-receipt-ocr.json","success-image-receipt-ocr.json",".json","components\cat-4\c4-t-ocr-document-processing-pipeline\output-samples","1967","2026-05-26 19:31:50"
"components\cat-4\c4-t-ocr-document-processing-pipeline\output-samples\success-pdf-needs-ocr.json","success-pdf-needs-ocr.json",".json","components\cat-4\c4-t-ocr-document-processing-pipeline\output-samples","2149","2026-05-26 19:31:50"
"components\cat-4\c4-t-ocr-document-processing-pipeline\output-samples\success-pdf-text-ready.json","success-pdf-text-ready.json",".json","components\cat-4\c4-t-ocr-document-processing-pipeline\output-samples","2111","2026-05-26 19:31:50"
"components\cat-4\c4-t-ocr-document-processing-pipeline\output-samples\success-txt-ready.json","success-txt-ready.json",".json","components\cat-4\c4-t-ocr-document-processing-pipeline\output-samples","2053","2026-05-26 19:31:50"
"components\cat-4\c4-t-ocr-document-processing-pipeline\test-payloads\document-processing-not-requested.invalid.json","document-processing-not-requested.invalid.json",".json","components\cat-4\c4-t-ocr-document-processing-pipeline\test-payloads","649","2026-05-26 19:18:08"
"components\cat-4\c4-t-ocr-document-processing-pipeline\test-payloads\image-receipt-ocr.valid.json","image-receipt-ocr.valid.json",".json","components\cat-4\c4-t-ocr-document-processing-pipeline\test-payloads","1422","2026-05-26 19:18:08"
"components\cat-4\c4-t-ocr-document-processing-pipeline\test-payloads\missing-file.invalid.json","missing-file.invalid.json",".json","components\cat-4\c4-t-ocr-document-processing-pipeline\test-payloads","536","2026-05-26 19:18:08"
"components\cat-4\c4-t-ocr-document-processing-pipeline\test-payloads\oversized-file.invalid.json","oversized-file.invalid.json",".json","components\cat-4\c4-t-ocr-document-processing-pipeline\test-payloads","1029","2026-05-26 19:18:08"
"components\cat-4\c4-t-ocr-document-processing-pipeline\test-payloads\pdf-needs-ocr.valid.json","pdf-needs-ocr.valid.json",".json","components\cat-4\c4-t-ocr-document-processing-pipeline\test-payloads","1438","2026-05-26 19:18:08"
"components\cat-4\c4-t-ocr-document-processing-pipeline\test-payloads\pdf-text-ready.valid.json","pdf-text-ready.valid.json",".json","components\cat-4\c4-t-ocr-document-processing-pipeline\test-payloads","1627","2026-05-26 19:18:08"
"components\cat-4\c4-t-ocr-document-processing-pipeline\test-payloads\txt-ready.valid.json","txt-ready.valid.json",".json","components\cat-4\c4-t-ocr-document-processing-pipeline\test-payloads","1577","2026-05-26 19:18:08"
"components\cat-4\c4-t-ocr-document-processing-pipeline\test-payloads\unsupported-extension.invalid.json","unsupported-extension.invalid.json",".json","components\cat-4\c4-t-ocr-document-processing-pipeline\test-payloads","1019","2026-05-26 19:18:08"
"components\cat-4\c4-t-ocr-document-processing-pipeline\test-payloads\upstream-failed.invalid.json","upstream-failed.invalid.json",".json","components\cat-4\c4-t-ocr-document-processing-pipeline\test-payloads","678","2026-05-26 19:18:08"
"components\cat-4\c4-t-ocr-document-processing-pipeline\workflows\c4-t-core-ocr-document-processing-pipeline-v1.json","c4-t-core-ocr-document-processing-pipeline-v1.json",".json","components\cat-4\c4-t-ocr-document-processing-pipeline\workflows","17706","2026-05-26 19:26:03"
"components\cat-5\c5-a-basic-dashboard-view\README.md","README.md",".md","components\cat-5\c5-a-basic-dashboard-view","357","2026-05-25 18:27:55"
"components\cat-5\c5-b-client-portal-table\README.md","README.md",".md","components\cat-5\c5-b-client-portal-table","370","2026-05-25 18:27:55"
"components\cat-5\c5-c-reporting-data-model\README.md","README.md",".md","components\cat-5\c5-c-reporting-data-model","382","2026-05-25 18:27:55"
"components\cat-5\c5-d-kpi-summary-builder\README.md","README.md",".md","components\cat-5\c5-d-kpi-summary-builder","359","2026-05-25 18:27:55"
"components\cat-5\c5-e-manual-review-queue\README.md","README.md",".md","components\cat-5\c5-e-manual-review-queue","4779","2026-05-25 22:24:17"
"components\cat-5\c5-e-manual-review-queue\output-samples\error-review-not-requested.json","error-review-not-requested.json",".json","components\cat-5\c5-e-manual-review-queue\output-samples","565","2026-05-25 22:24:55"
"components\cat-5\c5-e-manual-review-queue\output-samples\error-upstream-action-failed.json","error-upstream-action-failed.json",".json","components\cat-5\c5-e-manual-review-queue\output-samples","653","2026-05-25 22:24:55"
"components\cat-5\c5-e-manual-review-queue\output-samples\success-approval-review.json","success-approval-review.json",".json","components\cat-5\c5-e-manual-review-queue\output-samples","1462","2026-05-25 22:24:55"
"components\cat-5\c5-e-manual-review-queue\output-samples\success-consent-review.json","success-consent-review.json",".json","components\cat-5\c5-e-manual-review-queue\output-samples","1530","2026-05-25 22:24:55"
"components\cat-5\c5-e-manual-review-queue\output-samples\success-error-retry-review.json","success-error-retry-review.json",".json","components\cat-5\c5-e-manual-review-queue\output-samples","1552","2026-05-25 22:24:55"
"components\cat-5\c5-e-manual-review-queue\output-samples\success-possible-duplicate-review.json","success-possible-duplicate-review.json",".json","components\cat-5\c5-e-manual-review-queue\output-samples","1537","2026-05-25 22:24:55"
"components\cat-5\c5-e-manual-review-queue\test-payloads\approval-review.valid.json","approval-review.valid.json",".json","components\cat-5\c5-e-manual-review-queue\test-payloads","1069","2026-05-25 22:16:56"
"components\cat-5\c5-e-manual-review-queue\test-payloads\consent-review.valid.json","consent-review.valid.json",".json","components\cat-5\c5-e-manual-review-queue\test-payloads","1019","2026-05-25 22:16:56"
"components\cat-5\c5-e-manual-review-queue\test-payloads\error-retry-review.valid.json","error-retry-review.valid.json",".json","components\cat-5\c5-e-manual-review-queue\test-payloads","1123","2026-05-25 22:16:56"
"components\cat-5\c5-e-manual-review-queue\test-payloads\possible-duplicate-review.valid.json","possible-duplicate-review.valid.json",".json","components\cat-5\c5-e-manual-review-queue\test-payloads","1118","2026-05-25 22:16:56"
"components\cat-5\c5-e-manual-review-queue\test-payloads\review-not-requested.invalid.json","review-not-requested.invalid.json",".json","components\cat-5\c5-e-manual-review-queue\test-payloads","654","2026-05-25 22:16:56"
"components\cat-5\c5-e-manual-review-queue\test-payloads\upstream-failed.invalid.json","upstream-failed.invalid.json",".json","components\cat-5\c5-e-manual-review-queue\test-payloads","636","2026-05-25 22:16:56"
"components\cat-5\c5-e-manual-review-queue\workflows\c5-e-core-manual-review-queue-v1.json","c5-e-core-manual-review-queue-v1.json",".json","components\cat-5\c5-e-manual-review-queue\workflows","12064","2026-05-25 22:21:50"
"components\cat-5\c5-l-file-preview\README.md","README.md",".md","components\cat-5\c5-l-file-preview","363","2026-05-25 21:39:26"
"components\cat-5\c5-t-export-reports\README.md","README.md",".md","components\cat-5\c5-t-export-reports","366","2026-05-25 21:39:26"
"components\cat-5\c5-w-automation-status-control-table\README.md","README.md",".md","components\cat-5\c5-w-automation-status-control-table","4755","2026-05-25 18:39:23"
"components\cat-5\c5-w-automation-status-control-table\output-samples\error-missing-input.json","error-missing-input.json",".json","components\cat-5\c5-w-automation-status-control-table\output-samples","321","2026-05-25 18:40:30"
"components\cat-5\c5-w-automation-status-control-table\output-samples\success-completed-lead-status.json","success-completed-lead-status.json",".json","components\cat-5\c5-w-automation-status-control-table\output-samples","1405","2026-05-25 18:40:30"
"components\cat-5\c5-w-automation-status-control-table\output-samples\success-error-logged-status.json","success-error-logged-status.json",".json","components\cat-5\c5-w-automation-status-control-table\output-samples","1477","2026-05-25 18:40:30"
"components\cat-5\c5-w-automation-status-control-table\output-samples\success-manual-review-status.json","success-manual-review-status.json",".json","components\cat-5\c5-w-automation-status-control-table\output-samples","1385","2026-05-25 18:40:30"
"components\cat-5\c5-w-automation-status-control-table\output-samples\success-pending-approval-status.json","success-pending-approval-status.json",".json","components\cat-5\c5-w-automation-status-control-table\output-samples","1509","2026-05-25 18:40:30"
"components\cat-5\c5-w-automation-status-control-table\test-payloads\completed-lead-status.valid.json","completed-lead-status.valid.json",".json","components\cat-5\c5-w-automation-status-control-table\test-payloads","1003","2026-05-25 18:28:30"
"components\cat-5\c5-w-automation-status-control-table\test-payloads\error-logged-status.valid.json","error-logged-status.valid.json",".json","components\cat-5\c5-w-automation-status-control-table\test-payloads","1258","2026-05-25 18:28:30"
"components\cat-5\c5-w-automation-status-control-table\test-payloads\manual-review-status.valid.json","manual-review-status.valid.json",".json","components\cat-5\c5-w-automation-status-control-table\test-payloads","754","2026-05-25 18:28:30"
"components\cat-5\c5-w-automation-status-control-table\test-payloads\missing-input.invalid.json","missing-input.invalid.json",".json","components\cat-5\c5-w-automation-status-control-table\test-payloads","142","2026-05-25 18:28:30"
"components\cat-5\c5-w-automation-status-control-table\test-payloads\pending-approval-status.valid.json","pending-approval-status.valid.json",".json","components\cat-5\c5-w-automation-status-control-table\test-payloads","1202","2026-05-25 18:28:30"
"components\cat-5\c5-w-automation-status-control-table\workflows\c5-w-core-automation-status-control-table-v1.json","c5-w-core-automation-status-control-table-v1.json",".json","components\cat-5\c5-w-automation-status-control-table\workflows","10425","2026-05-25 18:34:22"
"components\cat-5\c5-x-kpi-monitoring-threshold-alert-engine\README.md","README.md",".md","components\cat-5\c5-x-kpi-monitoring-threshold-alert-engine","396","2026-05-25 18:27:55"
"components\cat-6\c6-a-workflow-audit-checker\README.md","README.md",".md","components\cat-6\c6-a-workflow-audit-checker","394","2026-05-25 16:51:36"
"components\cat-6\c6-b-error-pattern-library\README.md","README.md",".md","components\cat-6\c6-b-error-pattern-library","374","2026-05-25 16:51:36"
"components\cat-6\c6-c-api-auth-debugger\README.md","README.md",".md","components\cat-6\c6-c-api-auth-debugger","378","2026-05-25 16:51:36"
"components\cat-6\c6-d-data-mapping-diagnostic\README.md","README.md",".md","components\cat-6\c6-d-data-mapping-diagnostic","393","2026-05-25 16:51:36"
"components\cat-6\c6-e-integration-health-check\README.md","README.md",".md","components\cat-6\c6-e-integration-health-check","388","2026-05-25 16:51:37"
"components\cat-6\c6-f-handoff-documentation-pack\README.md","README.md",".md","components\cat-6\c6-f-handoff-documentation-pack","409","2026-05-25 16:51:37"
"components\cat-6\c6-g-error-log-retry-queue\README.md","README.md",".md","components\cat-6\c6-g-error-log-retry-queue","4366","2026-05-25 17:53:36"
"components\cat-6\c6-g-error-log-retry-queue\output-samples\error-missing-source-error.json","error-missing-source-error.json",".json","components\cat-6\c6-g-error-log-retry-queue\output-samples","764","2026-05-25 17:56:43"
"components\cat-6\c6-g-error-log-retry-queue\output-samples\error-source-not-failed.json","error-source-not-failed.json",".json","components\cat-6\c6-g-error-log-retry-queue\output-samples","741","2026-05-25 17:56:43"
"components\cat-6\c6-g-error-log-retry-queue\output-samples\success-notification-error-log.json","success-notification-error-log.json",".json","components\cat-6\c6-g-error-log-retry-queue\output-samples","1224","2026-05-25 17:56:43"
"components\cat-6\c6-g-error-log-retry-queue\output-samples\success-validation-error-log.json","success-validation-error-log.json",".json","components\cat-6\c6-g-error-log-retry-queue\output-samples","1455","2026-05-25 17:56:43"
"components\cat-6\c6-g-error-log-retry-queue\output-samples\success-write-error-log.json","success-write-error-log.json",".json","components\cat-6\c6-g-error-log-retry-queue\output-samples","1267","2026-05-25 17:56:43"
"components\cat-6\c6-g-error-log-retry-queue\test-payloads\missing-error-object.invalid.json","missing-error-object.invalid.json",".json","components\cat-6\c6-g-error-log-retry-queue\test-payloads","598","2026-05-25 17:24:51"
"components\cat-6\c6-g-error-log-retry-queue\test-payloads\notification-failed.valid.json","notification-failed.valid.json",".json","components\cat-6\c6-g-error-log-retry-queue\test-payloads","1187","2026-05-25 17:24:51"
"components\cat-6\c6-g-error-log-retry-queue\test-payloads\success-input.invalid.json","success-input.invalid.json",".json","components\cat-6\c6-g-error-log-retry-queue\test-payloads","581","2026-05-25 17:24:51"
"components\cat-6\c6-g-error-log-retry-queue\test-payloads\validation-failed.valid.json","validation-failed.valid.json",".json","components\cat-6\c6-g-error-log-retry-queue\test-payloads","1278","2026-05-25 17:24:51"
"components\cat-6\c6-g-error-log-retry-queue\test-payloads\write-failed.valid.json","write-failed.valid.json",".json","components\cat-6\c6-g-error-log-retry-queue\test-payloads","1208","2026-05-25 17:24:51"
"components\cat-6\c6-g-error-log-retry-queue\workflows\c6-g-core-error-log-retry-queue-v1.json","c6-g-core-error-log-retry-queue-v1.json",".json","components\cat-6\c6-g-error-log-retry-queue\workflows","9103","2026-05-25 17:41:04"
"docs\assembly-pipeline.md","assembly-pipeline.md",".md","docs","12722","2026-05-25 14:41:36"
"docs\component-catalog.md","component-catalog.md",".md","docs","76493","2026-05-26 22:26:23"
"docs\component-readiness-matrix.md","component-readiness-matrix.md",".md","docs","13143","2026-05-26 22:09:39"
"docs\platform-architecture-classification.md","platform-architecture-classification.md",".md","docs","7753","2026-05-26 22:08:36"
"docs\universal-automation-roadmap.md","universal-automation-roadmap.md",".md","docs","6660","2026-05-26 22:10:19"
"templates\p0\README.md","README.md",".md","templates\p0","801","2026-05-27 10:09:01"
"templates\p1\README.md","README.md",".md","templates\p1","508","2026-05-27 10:09:01"
