"path","role","proposed_action","reason","size_bytes","last_modified"
"README.md","ROOT_README","KEEP_INDEX","Repo entry point.","95","2026-05-25 14:41:36"
"adapters\independent\README.md","ADAPTER_LAYER_INDEX","KEEP_INDEX","Independent adapter folder index/readme.","809","2026-05-27 10:09:01"
"audit\config\component-classification.csv","MACHINE_SOURCE_OF_TRUTH","KEEP_CANONICAL","Machine-readable source of truth for classification.","19598","2026-05-27 11:52:59"
"audit\deferred-scaffolds\cat-4\c4-a-ai-agent-workflow-executor\README.md","DEFERRED_SCAFFOLD_DOC","KEEP_ARCHIVED_OR_DELETE_LATER","Moved out of active components.","405","2026-05-25 20:19:29"
"audit\deferred-scaffolds\cat-4\c4-b-ai-classification-pipeline\README.md","DEFERRED_SCAFFOLD_DOC","KEEP_ARCHIVED_OR_DELETE_LATER","Moved out of active components.","358","2026-05-25 20:19:29"
"audit\deferred-scaffolds\cat-4\c4-d-ai-extraction-parser\README.md","DEFERRED_SCAFFOLD_DOC","KEEP_ARCHIVED_OR_DELETE_LATER","Moved out of active components.","350","2026-05-25 20:19:29"
"audit\deferred-scripts\generate-master-component-docs.ps1","DEFERRED_SCRIPT","REVIEW_DELETE_OR_FIX","Quarantined broken/paused script.","19083","2026-05-27 16:39:51"
"audit\reports\audit-interpretation.md","GENERATED_REPORT","KEEP_GENERATED","Audit output. Regenerated by scripts. Not a canonical manual source.","1551","2026-05-26 20:58:13"
"audit\reports\audit-summary.md","GENERATED_REPORT","KEEP_GENERATED","Audit output. Regenerated by scripts. Not a canonical manual source.","1001","2026-05-27 11:55:45"
"audit\reports\build-completeness.csv","GENERATED_REPORT","KEEP_GENERATED","Audit output. Regenerated by scripts. Not a canonical manual source.","5985","2026-05-27 11:55:45"
"audit\reports\build-completeness.md","GENERATED_REPORT","KEEP_GENERATED","Audit output. Regenerated by scripts. Not a canonical manual source.","3637","2026-05-27 11:55:45"
"audit\reports\catalog-classification-update.md","GENERATED_REPORT","KEEP_GENERATED","Audit output. Regenerated by scripts. Not a canonical manual source.","516","2026-05-26 22:26:23"
"audit\reports\catalog-consistency.md","GENERATED_REPORT","KEEP_GENERATED","Audit output. Regenerated by scripts. Not a canonical manual source.","380","2026-05-27 11:55:45"
"audit\reports\classification-consistency.md","GENERATED_REPORT","KEEP_GENERATED","Audit output. Regenerated by scripts. Not a canonical manual source.","306","2026-05-27 11:55:45"
"audit\reports\classification-summary.md","GENERATED_REPORT","KEEP_GENERATED","Audit output. Regenerated by scripts. Not a canonical manual source.","7312","2026-05-27 11:55:45"
"audit\reports\component-inventory.csv","GENERATED_REPORT","KEEP_GENERATED","Audit output. Regenerated by scripts. Not a canonical manual source.","7938","2026-05-27 11:55:45"
"audit\reports\component-inventory.md","GENERATED_REPORT","KEEP_GENERATED","Audit output. Regenerated by scripts. Not a canonical manual source.","5220","2026-05-27 11:55:45"
"audit\reports\duplicate-component-ids.md","GENERATED_REPORT","KEEP_GENERATED","Audit output. Regenerated by scripts. Not a canonical manual source.","73","2026-05-27 11:55:45"
"audit\reports\git-status.txt","GENERATED_REPORT","KEEP_GENERATED","Audit output. Regenerated by scripts. Not a canonical manual source.","367","2026-05-27 11:53:07"
"audit\reports\json-validation.csv","GENERATED_REPORT","KEEP_GENERATED","Audit output. Regenerated by scripts. Not a canonical manual source.","46438","2026-05-27 11:55:45"
"audit\scripts\check-classification-consistency.ps1","AUDIT_SCRIPT","KEEP_SCRIPT","Audit/generation script.","6468","2026-05-26 22:32:17"
"audit\scripts\generate-classification-summary.ps1","AUDIT_SCRIPT","KEEP_SCRIPT","Audit/generation script.","2100","2026-05-26 22:18:02"
"audit\scripts\run-repo-audit.ps1","AUDIT_SCRIPT","KEEP_SCRIPT","Audit/generation script.","15531","2026-05-26 22:34:18"
"audit\scripts\update-component-catalog-classification.ps1","AUDIT_SCRIPT","KEEP_SCRIPT","Audit/generation script.","4273","2026-05-26 22:26:12"
"client-assets\c4-client-ai-customization-questionnaire.md","LEGACY_CLIENT_ASSET","REVIEW_MERGE_OR_ARCHIVE","Likely superseded by client-config CFG-004/CFG-001 assets.","10746","2026-05-25 23:12:34"
"client-assets\c4-client-ai-profile-schema.json","LEGACY_CLIENT_ASSET","REVIEW_MERGE_OR_ARCHIVE","Likely superseded by client-config CFG-004/CFG-001 assets.","4014","2026-05-25 23:13:10"
"client-assets\sample-c4-client-ai-profile.json","LEGACY_CLIENT_ASSET","REVIEW_MERGE_OR_ARCHIVE","Likely superseded by client-config CFG-004/CFG-001 assets.","8687","2026-05-25 23:13:27"
"client-config\README.md","CLIENT_CONFIG_LAYER_DOC","KEEP_LOCAL","Current client-config layer docs, schemas, forms, examples, or generator specs.","495","2026-05-27 10:09:01"
"client-config\examples\adapter-gap-report.example.json","CLIENT_CONFIG_LAYER_DOC","KEEP_LOCAL","Current client-config layer docs, schemas, forms, examples, or generator specs.","2218","2026-05-27 11:52:24"
"client-config\examples\ai-profile-response.example.json","CLIENT_CONFIG_LAYER_DOC","KEEP_LOCAL","Current client-config layer docs, schemas, forms, examples, or generator specs.","3423","2026-05-27 11:27:32"
"client-config\examples\assembly-recommendation.example.json","CLIENT_CONFIG_LAYER_DOC","KEEP_LOCAL","Current client-config layer docs, schemas, forms, examples, or generator specs.","1991","2026-05-27 11:52:33"
"client-config\examples\client-profile.example.json","CLIENT_CONFIG_LAYER_DOC","KEEP_LOCAL","Current client-config layer docs, schemas, forms, examples, or generator specs.","6274","2026-05-27 10:52:39"
"client-config\examples\credential-readiness-response.example.json","CLIENT_CONFIG_LAYER_DOC","KEEP_LOCAL","Current client-config layer docs, schemas, forms, examples, or generator specs.","5840","2026-05-27 11:42:19"
"client-config\examples\README.md","CLIENT_CONFIG_LAYER_DOC","KEEP_LOCAL","Current client-config layer docs, schemas, forms, examples, or generator specs.","110","2026-05-27 10:09:01"
"client-config\examples\template-config.example.json","CLIENT_CONFIG_LAYER_DOC","KEEP_LOCAL","Current client-config layer docs, schemas, forms, examples, or generator specs.","6032","2026-05-27 11:52:01"
"client-config\examples\tool-stack-response.example.json","CLIENT_CONFIG_LAYER_DOC","KEEP_LOCAL","Current client-config layer docs, schemas, forms, examples, or generator specs.","5210","2026-05-27 11:13:54"
"client-config\examples\workflow-discovery-response.example.json","CLIENT_CONFIG_LAYER_DOC","KEEP_LOCAL","Current client-config layer docs, schemas, forms, examples, or generator specs.","5952","2026-05-27 11:06:33"
"client-config\generators\README.md","CLIENT_CONFIG_LAYER_DOC","KEEP_LOCAL","Current client-config layer docs, schemas, forms, examples, or generator specs.","962","2026-05-27 11:52:49"
"client-config\generators\template-config-generator\README.md","CLIENT_CONFIG_LAYER_DOC","KEEP_LOCAL","Current client-config layer docs, schemas, forms, examples, or generator specs.","1261","2026-05-27 11:50:11"
"client-config\generators\template-config-generator\template-config-generator-spec.md","CLIENT_CONFIG_LAYER_DOC","KEEP_LOCAL","Current client-config layer docs, schemas, forms, examples, or generator specs.","10450","2026-05-27 11:51:31"
"client-config\questionnaires\ai-profile-compatibility-map.md","CLIENT_CONFIG_LAYER_DOC","KEEP_LOCAL","Current client-config layer docs, schemas, forms, examples, or generator specs.","9932","2026-05-27 11:26:39"
"client-config\questionnaires\client-facing-ai-customization-form.md","CLIENT_CONFIG_LAYER_DOC","KEEP_LOCAL","Current client-config layer docs, schemas, forms, examples, or generator specs.","4612","2026-05-27 11:27:08"
"client-config\questionnaires\client-facing-credential-checklist.md","CLIENT_CONFIG_LAYER_DOC","KEEP_LOCAL","Current client-config layer docs, schemas, forms, examples, or generator specs.","4177","2026-05-27 11:42:00"
"client-config\questionnaires\client-facing-tool-stack-form.md","CLIENT_CONFIG_LAYER_DOC","KEEP_LOCAL","Current client-config layer docs, schemas, forms, examples, or generator specs.","4420","2026-05-27 11:13:32"
"client-config\questionnaires\client-facing-workflow-discovery-form.md","CLIENT_CONFIG_LAYER_DOC","KEEP_LOCAL","Current client-config layer docs, schemas, forms, examples, or generator specs.","6779","2026-05-27 11:05:09"
"client-config\questionnaires\credential-collection-checklist.md","CLIENT_CONFIG_LAYER_DOC","KEEP_LOCAL","Current client-config layer docs, schemas, forms, examples, or generator specs.","6791","2026-05-27 11:41:25"
"client-config\questionnaires\README.md","CLIENT_CONFIG_LAYER_DOC","KEEP_LOCAL","Current client-config layer docs, schemas, forms, examples, or generator specs.","2555","2026-05-27 11:42:47"
"client-config\questionnaires\tool-stack-questionnaire.md","CLIENT_CONFIG_LAYER_DOC","KEEP_LOCAL","Current client-config layer docs, schemas, forms, examples, or generator specs.","7669","2026-05-27 11:12:56"
"client-config\questionnaires\workflow-discovery-questionnaire.md","CLIENT_CONFIG_LAYER_DOC","KEEP_LOCAL","Current client-config layer docs, schemas, forms, examples, or generator specs.","8595","2026-05-27 11:03:44"
"client-config\questionnaires\cfg-002-workflow-discovery-questionnaire\README.md","CLIENT_CONFIG_LAYER_DOC","KEEP_LOCAL","Current client-config layer docs, schemas, forms, examples, or generator specs.","796","2026-05-27 11:06:43"
"client-config\questionnaires\cfg-002a-client-facing-workflow-discovery-form\README.md","CLIENT_CONFIG_LAYER_DOC","KEEP_LOCAL","Current client-config layer docs, schemas, forms, examples, or generator specs.","727","2026-05-27 11:06:43"
"client-config\questionnaires\cfg-003-tool-stack-questionnaire\README.md","CLIENT_CONFIG_LAYER_DOC","KEEP_LOCAL","Current client-config layer docs, schemas, forms, examples, or generator specs.","880","2026-05-27 11:14:09"
"client-config\questionnaires\cfg-003a-client-facing-tool-stack-form\README.md","CLIENT_CONFIG_LAYER_DOC","KEEP_LOCAL","Current client-config layer docs, schemas, forms, examples, or generator specs.","716","2026-05-27 11:14:09"
"client-config\questionnaires\cfg-004-ai-profile-compatibility-pack\README.md","CLIENT_CONFIG_LAYER_DOC","KEEP_LOCAL","Current client-config layer docs, schemas, forms, examples, or generator specs.","978","2026-05-27 11:27:45"
"client-config\questionnaires\cfg-004a-client-facing-ai-customization-form\README.md","CLIENT_CONFIG_LAYER_DOC","KEEP_LOCAL","Current client-config layer docs, schemas, forms, examples, or generator specs.","702","2026-05-27 11:27:45"
"client-config\questionnaires\cfg-005-credential-collection-checklist\README.md","CLIENT_CONFIG_LAYER_DOC","KEEP_LOCAL","Current client-config layer docs, schemas, forms, examples, or generator specs.","923","2026-05-27 11:42:32"
"client-config\questionnaires\cfg-005a-client-facing-credential-checklist\README.md","CLIENT_CONFIG_LAYER_DOC","KEEP_LOCAL","Current client-config layer docs, schemas, forms, examples, or generator specs.","754","2026-05-27 11:42:32"
"client-config\schemas\client-profile-schema.json","CLIENT_CONFIG_LAYER_DOC","KEEP_LOCAL","Current client-config layer docs, schemas, forms, examples, or generator specs.","15503","2026-05-27 10:48:32"
"client-config\schemas\README.md","CLIENT_CONFIG_LAYER_DOC","KEEP_LOCAL","Current client-config layer docs, schemas, forms, examples, or generator specs.","1582","2026-05-27 10:49:37"
"client-config\schemas\cfg-001-client-profile-schema\README.md","CLIENT_CONFIG_LAYER_DOC","KEEP_LOCAL","Current client-config layer docs, schemas, forms, examples, or generator specs.","1207","2026-05-27 10:53:11"
"components\cat-1\c1-e-multi-step-sequence-engine\README.md","COMPONENT_LOCAL_DOC_OR_ARTIFACT","KEEP_LOCAL","Component-local README, workflow, payload, or output sample.","383","2026-05-25 21:39:26"
"components\cat-2\c2-a-data-sync-pipeline\README.md","COMPONENT_LOCAL_DOC_OR_ARTIFACT","KEEP_LOCAL","Component-local README, workflow, payload, or output sample.","397","2026-05-25 14:46:24"
"components\cat-2\c2-a1-google-sheets-write-adapter\README.md","COMPONENT_LOCAL_DOC_OR_ARTIFACT","KEEP_LOCAL","Component-local README, workflow, payload, or output sample.","4317","2026-05-25 14:41:36"
"components\cat-2\c2-a1-google-sheets-write-adapter\output-samples\error-missing-spreadsheet-id.json","COMPONENT_LOCAL_DOC_OR_ARTIFACT","KEEP_LOCAL","Component-local README, workflow, payload, or output sample.","765","2026-05-25 14:41:36"
"components\cat-2\c2-a1-google-sheets-write-adapter\output-samples\error-upstream-validation-failed.json","COMPONENT_LOCAL_DOC_OR_ARTIFACT","KEEP_LOCAL","Component-local README, workflow, payload, or output sample.","803","2026-05-25 14:41:36"
"components\cat-2\c2-a1-google-sheets-write-adapter\output-samples\success-output.json","COMPONENT_LOCAL_DOC_OR_ARTIFACT","KEEP_LOCAL","Component-local README, workflow, payload, or output sample.","877","2026-05-25 14:41:36"
"components\cat-2\c2-a1-google-sheets-write-adapter\test-payloads\lead-write.valid.json","COMPONENT_LOCAL_DOC_OR_ARTIFACT","KEEP_LOCAL","Component-local README, workflow, payload, or output sample.","1224","2026-05-25 14:41:36"
"components\cat-2\c2-a1-google-sheets-write-adapter\test-payloads\missing-spreadsheet-id.invalid.json","COMPONENT_LOCAL_DOC_OR_ARTIFACT","KEEP_LOCAL","Component-local README, workflow, payload, or output sample.","898","2026-05-25 14:41:36"
"components\cat-2\c2-a1-google-sheets-write-adapter\test-payloads\upstream-validation-failed.invalid.json","COMPONENT_LOCAL_DOC_OR_ARTIFACT","KEEP_LOCAL","Component-local README, workflow, payload, or output sample.","1174","2026-05-25 14:41:36"
"components\cat-2\c2-a1-google-sheets-write-adapter\workflows\c2-a1-core-google-sheets-write-adapter-v1.json","COMPONENT_LOCAL_DOC_OR_ARTIFACT","KEEP_LOCAL","Component-local README, workflow, payload, or output sample.","11843","2026-05-25 14:41:36"
"components\cat-2\c2-a2-airtable-write-adapter\README.md","COMPONENT_LOCAL_DOC_OR_ARTIFACT","KEEP_LOCAL","Component-local README, workflow, payload, or output sample.","4153","2026-05-25 14:41:36"
"components\cat-2\c2-a2-airtable-write-adapter\output-samples\error-missing-base-id.json","COMPONENT_LOCAL_DOC_OR_ARTIFACT","KEEP_LOCAL","Component-local README, workflow, payload, or output sample.","757","2026-05-25 14:41:36"
"components\cat-2\c2-a2-airtable-write-adapter\output-samples\error-upstream-validation-failed.json","COMPONENT_LOCAL_DOC_OR_ARTIFACT","KEEP_LOCAL","Component-local README, workflow, payload, or output sample.","782","2026-05-25 14:41:36"
"components\cat-2\c2-a2-airtable-write-adapter\output-samples\success-output.json","COMPONENT_LOCAL_DOC_OR_ARTIFACT","KEEP_LOCAL","Component-local README, workflow, payload, or output sample.","863","2026-05-25 14:41:36"
"components\cat-2\c2-a2-airtable-write-adapter\test-payloads\lead-write.valid.json","COMPONENT_LOCAL_DOC_OR_ARTIFACT","KEEP_LOCAL","Component-local README, workflow, payload, or output sample.","1203","2026-05-25 14:41:36"
"components\cat-2\c2-a2-airtable-write-adapter\test-payloads\missing-base-id.invalid.json","COMPONENT_LOCAL_DOC_OR_ARTIFACT","KEEP_LOCAL","Component-local README, workflow, payload, or output sample.","911","2026-05-25 14:41:36"
"components\cat-2\c2-a2-airtable-write-adapter\test-payloads\upstream-validation-failed.invalid.json","COMPONENT_LOCAL_DOC_OR_ARTIFACT","KEEP_LOCAL","Component-local README, workflow, payload, or output sample.","1153","2026-05-25 14:41:36"
"components\cat-2\c2-a2-airtable-write-adapter\workflows\c2-a2-core-airtable-write-adapter-v1.json","COMPONENT_LOCAL_DOC_OR_ARTIFACT","KEEP_LOCAL","Component-local README, workflow, payload, or output sample.","11299","2026-05-25 14:41:36"
"components\cat-2\c2-a3-hubspot-contact-write-adapter\README.md","COMPONENT_LOCAL_DOC_OR_ARTIFACT","KEEP_LOCAL","Component-local README, workflow, payload, or output sample.","4118","2026-05-25 14:41:36"
"components\cat-2\c2-a3-hubspot-contact-write-adapter\output-samples\error-missing-field-map.json","COMPONENT_LOCAL_DOC_OR_ARTIFACT","KEEP_LOCAL","Component-local README, workflow, payload, or output sample.","775","2026-05-25 14:41:36"
"components\cat-2\c2-a3-hubspot-contact-write-adapter\output-samples\error-upstream-validation-failed.json","COMPONENT_LOCAL_DOC_OR_ARTIFACT","KEEP_LOCAL","Component-local README, workflow, payload, or output sample.","771","2026-05-25 14:41:36"
"components\cat-2\c2-a3-hubspot-contact-write-adapter\output-samples\success-output.json","COMPONENT_LOCAL_DOC_OR_ARTIFACT","KEEP_LOCAL","Component-local README, workflow, payload, or output sample.","800","2026-05-25 14:41:36"
"components\cat-2\c2-a3-hubspot-contact-write-adapter\test-payloads\contact-write.valid.json","COMPONENT_LOCAL_DOC_OR_ARTIFACT","KEEP_LOCAL","Component-local README, workflow, payload, or output sample.","1099","2026-05-25 14:41:36"
"components\cat-2\c2-a3-hubspot-contact-write-adapter\test-payloads\missing-field-map.invalid.json","COMPONENT_LOCAL_DOC_OR_ARTIFACT","KEEP_LOCAL","Component-local README, workflow, payload, or output sample.","886","2026-05-25 14:41:36"
"components\cat-2\c2-a3-hubspot-contact-write-adapter\test-payloads\upstream-validation-failed.invalid.json","COMPONENT_LOCAL_DOC_OR_ARTIFACT","KEEP_LOCAL","Component-local README, workflow, payload, or output sample.","1155","2026-05-25 14:41:36"
"components\cat-2\c2-a3-hubspot-contact-write-adapter\workflows\c2-a3-core-hubspot-contact-write-adapter-v1.json.json","COMPONENT_LOCAL_DOC_OR_ARTIFACT","KEEP_LOCAL","Component-local README, workflow, payload, or output sample.","12104","2026-05-25 14:41:36"
"components\cat-2\c2-b-conditional-routing-engine\README.md","COMPONENT_LOCAL_DOC_OR_ARTIFACT","KEEP_LOCAL","Component-local README, workflow, payload, or output sample.","4281","2026-05-25 16:06:17"
"components\cat-2\c2-b-conditional-routing-engine\output-samples\error-missing-route-rules.json","COMPONENT_LOCAL_DOC_OR_ARTIFACT","KEEP_LOCAL","Component-local README, workflow, payload, or output sample.","641","2026-05-25 16:05:09"
"components\cat-2\c2-b-conditional-routing-engine\output-samples\success-fallback-route.json","COMPONENT_LOCAL_DOC_OR_ARTIFACT","KEEP_LOCAL","Component-local README, workflow, payload, or output sample.","588","2026-05-25 16:05:09"
"components\cat-2\c2-b-conditional-routing-engine\output-samples\success-matched-notify-route.json","COMPONENT_LOCAL_DOC_OR_ARTIFACT","KEEP_LOCAL","Component-local README, workflow, payload, or output sample.","624","2026-05-25 16:05:09"
"components\cat-2\c2-b-conditional-routing-engine\output-samples\success-validation-error-route.json","COMPONENT_LOCAL_DOC_OR_ARTIFACT","KEEP_LOCAL","Component-local README, workflow, payload, or output sample.","545","2026-05-25 16:05:09"
"components\cat-2\c2-b-conditional-routing-engine\test-payloads\fallback-route.valid.json","COMPONENT_LOCAL_DOC_OR_ARTIFACT","KEEP_LOCAL","Component-local README, workflow, payload, or output sample.","1036","2026-05-25 15:54:39"
"components\cat-2\c2-b-conditional-routing-engine\test-payloads\hubspot-sales-route.valid.json","COMPONENT_LOCAL_DOC_OR_ARTIFACT","KEEP_LOCAL","Component-local README, workflow, payload, or output sample.","1403","2026-05-25 15:54:39"
"components\cat-2\c2-b-conditional-routing-engine\test-payloads\missing-rules.invalid.json","COMPONENT_LOCAL_DOC_OR_ARTIFACT","KEEP_LOCAL","Component-local README, workflow, payload, or output sample.","334","2026-05-25 15:54:39"
"components\cat-2\c2-b-conditional-routing-engine\test-payloads\validation-failed-route.valid.json","COMPONENT_LOCAL_DOC_OR_ARTIFACT","KEEP_LOCAL","Component-local README, workflow, payload, or output sample.","1247","2026-05-25 15:54:39"
"components\cat-2\c2-b-conditional-routing-engine\test-payloads\write-success-notify.valid.json","COMPONENT_LOCAL_DOC_OR_ARTIFACT","KEEP_LOCAL","Component-local README, workflow, payload, or output sample.","1714","2026-05-25 15:54:39"
"components\cat-2\c2-b-conditional-routing-engine\workflows\c2-b-core-conditional-routing-engine-v1.json","COMPONENT_LOCAL_DOC_OR_ARTIFACT","KEEP_LOCAL","Component-local README, workflow, payload, or output sample.","10830","2026-05-25 16:04:01"
"components\cat-2\c2-c-webhook-trigger-system\README.md","COMPONENT_LOCAL_DOC_OR_ARTIFACT","KEEP_LOCAL","Component-local README, workflow, payload, or output sample.","3998","2026-05-25 14:41:36"
"components\cat-2\c2-c-webhook-trigger-system\output-samples\error-empty-input.json","COMPONENT_LOCAL_DOC_OR_ARTIFACT","KEEP_LOCAL","Component-local README, workflow, payload, or output sample.","462","2026-05-25 14:41:36"
"components\cat-2\c2-c-webhook-trigger-system\output-samples\error-missing-event-type.json","COMPONENT_LOCAL_DOC_OR_ARTIFACT","KEEP_LOCAL","Component-local README, workflow, payload, or output sample.","528","2026-05-25 14:41:36"
"components\cat-2\c2-c-webhook-trigger-system\output-samples\error-missing-payload.json","COMPONENT_LOCAL_DOC_OR_ARTIFACT","KEEP_LOCAL","Component-local README, workflow, payload, or output sample.","501","2026-05-25 14:41:36"
"components\cat-2\c2-c-webhook-trigger-system\output-samples\success-output.json","COMPONENT_LOCAL_DOC_OR_ARTIFACT","KEEP_LOCAL","Component-local README, workflow, payload, or output sample.","523","2026-05-25 14:41:36"
"components\cat-2\c2-c-webhook-trigger-system\test-payloads\empty-payload.invalid.json","COMPONENT_LOCAL_DOC_OR_ARTIFACT","KEEP_LOCAL","Component-local README, workflow, payload, or output sample.","7","2026-05-25 14:41:36"
"components\cat-2\c2-c-webhook-trigger-system\test-payloads\lead-intake.valid.json","COMPONENT_LOCAL_DOC_OR_ARTIFACT","KEEP_LOCAL","Component-local README, workflow, payload, or output sample.","417","2026-05-25 14:41:36"
"components\cat-2\c2-c-webhook-trigger-system\test-payloads\missing-event-type.invalid.json","COMPONENT_LOCAL_DOC_OR_ARTIFACT","KEEP_LOCAL","Component-local README, workflow, payload, or output sample.","263","2026-05-25 14:41:36"
"components\cat-2\c2-c-webhook-trigger-system\test-payloads\missing-payload.invalid.json","COMPONENT_LOCAL_DOC_OR_ARTIFACT","KEEP_LOCAL","Component-local README, workflow, payload, or output sample.","242","2026-05-25 14:41:36"
"components\cat-2\c2-c-webhook-trigger-system\test-payloads\payment-success.valid.json","COMPONENT_LOCAL_DOC_OR_ARTIFACT","KEEP_LOCAL","Component-local README, workflow, payload, or output sample.","437","2026-05-25 14:41:36"
"components\cat-2\c2-c-webhook-trigger-system\test-payloads\whatsapp-message.valid.json","COMPONENT_LOCAL_DOC_OR_ARTIFACT","KEEP_LOCAL","Component-local README, workflow, payload, or output sample.","406","2026-05-25 14:41:36"
"components\cat-2\c2-c-webhook-trigger-system\workflows\c2-c-core-event-normalizer-v1.json","COMPONENT_LOCAL_DOC_OR_ARTIFACT","KEEP_LOCAL","Component-local README, workflow, payload, or output sample.","7293","2026-05-25 14:41:36"
"components\cat-2\c2-c-webhook-trigger-system\workflows\c2-c-webhook-receiver-wrapper-v1.json","COMPONENT_LOCAL_DOC_OR_ARTIFACT","KEEP_LOCAL","Component-local README, workflow, payload, or output sample.","4337","2026-05-25 14:41:36"
"components\cat-2\c2-d-deduplication-merge-engine\README.md","COMPONENT_LOCAL_DOC_OR_ARTIFACT","KEEP_LOCAL","Component-local README, workflow, payload, or output sample.","4678","2026-05-25 21:14:48"
"components\cat-2\c2-d-deduplication-merge-engine\output-samples\error-dedupe-not-requested.json","COMPONENT_LOCAL_DOC_OR_ARTIFACT","KEEP_LOCAL","Component-local README, workflow, payload, or output sample.","691","2026-05-25 21:15:45"
"components\cat-2\c2-d-deduplication-merge-engine\output-samples\error-upstream-action-failed.json","COMPONENT_LOCAL_DOC_OR_ARTIFACT","KEEP_LOCAL","Component-local README, workflow, payload, or output sample.","780","2026-05-25 21:15:45"
"components\cat-2\c2-d-deduplication-merge-engine\output-samples\success-exact-email-duplicate.json","COMPONENT_LOCAL_DOC_OR_ARTIFACT","KEEP_LOCAL","Component-local README, workflow, payload, or output sample.","1162","2026-05-25 21:15:45"
"components\cat-2\c2-d-deduplication-merge-engine\output-samples\success-new-record.json","COMPONENT_LOCAL_DOC_OR_ARTIFACT","KEEP_LOCAL","Component-local README, workflow, payload, or output sample.","723","2026-05-25 21:15:45"
"components\cat-2\c2-d-deduplication-merge-engine\output-samples\success-possible-duplicate.json","COMPONENT_LOCAL_DOC_OR_ARTIFACT","KEEP_LOCAL","Component-local README, workflow, payload, or output sample.","1126","2026-05-25 21:15:45"
"components\cat-2\c2-d-deduplication-merge-engine\test-payloads\dedupe-not-requested.invalid.json","COMPONENT_LOCAL_DOC_OR_ARTIFACT","KEEP_LOCAL","Component-local README, workflow, payload, or output sample.","592","2026-05-25 21:07:00"
"components\cat-2\c2-d-deduplication-merge-engine\test-payloads\exact-email-duplicate.valid.json","COMPONENT_LOCAL_DOC_OR_ARTIFACT","KEEP_LOCAL","Component-local README, workflow, payload, or output sample.","1185","2026-05-25 21:07:00"
"components\cat-2\c2-d-deduplication-merge-engine\test-payloads\new-record.valid.json","COMPONENT_LOCAL_DOC_OR_ARTIFACT","KEEP_LOCAL","Component-local README, workflow, payload, or output sample.","902","2026-05-25 21:07:00"
"components\cat-2\c2-d-deduplication-merge-engine\test-payloads\possible-duplicate.valid.json","COMPONENT_LOCAL_DOC_OR_ARTIFACT","KEEP_LOCAL","Component-local README, workflow, payload, or output sample.","1202","2026-05-25 21:07:00"
"components\cat-2\c2-d-deduplication-merge-engine\test-payloads\upstream-failed.invalid.json","COMPONENT_LOCAL_DOC_OR_ARTIFACT","KEEP_LOCAL","Component-local README, workflow, payload, or output sample.","644","2026-05-25 21:07:00"
"components\cat-2\c2-d-deduplication-merge-engine\workflows\c2-d-core-deduplication-merge-engine-v1.json","COMPONENT_LOCAL_DOC_OR_ARTIFACT","KEEP_LOCAL","Component-local README, workflow, payload, or output sample.","11928","2026-05-25 21:12:43"
"components\cat-2\c2-e-form-intake-pipeline\README.md","COMPONENT_LOCAL_DOC_OR_ARTIFACT","KEEP_LOCAL","Component-local README, workflow, payload, or output sample.","4887","2026-05-26 01:21:25"
"components\cat-2\c2-e-form-intake-pipeline\output-samples\error-form-intake-not-requested.json","COMPONENT_LOCAL_DOC_OR_ARTIFACT","KEEP_LOCAL","Component-local README, workflow, payload, or output sample.","566","2026-05-26 01:22:05"
"components\cat-2\c2-e-form-intake-pipeline\output-samples\error-missing-field-map.json","COMPONENT_LOCAL_DOC_OR_ARTIFACT","KEEP_LOCAL","Component-local README, workflow, payload, or output sample.","552","2026-05-26 01:22:05"
"components\cat-2\c2-e-form-intake-pipeline\output-samples\error-upstream-action-failed.json","COMPONENT_LOCAL_DOC_OR_ARTIFACT","KEEP_LOCAL","Component-local README, workflow, payload, or output sample.","661","2026-05-26 01:22:05"
"components\cat-2\c2-e-form-intake-pipeline\output-samples\success-tally-form.json","COMPONENT_LOCAL_DOC_OR_ARTIFACT","KEEP_LOCAL","Component-local README, workflow, payload, or output sample.","1617","2026-05-26 01:22:05"
"components\cat-2\c2-e-form-intake-pipeline\output-samples\success-typeform-ref-form.json","COMPONENT_LOCAL_DOC_OR_ARTIFACT","KEEP_LOCAL","Component-local README, workflow, payload, or output sample.","1564","2026-05-26 01:22:05"
"components\cat-2\c2-e-form-intake-pipeline\output-samples\success-website-form.json","COMPONENT_LOCAL_DOC_OR_ARTIFACT","KEEP_LOCAL","Component-local README, workflow, payload, or output sample.","1615","2026-05-26 01:22:05"
"components\cat-2\c2-e-form-intake-pipeline\test-payloads\form-intake-not-requested.invalid.json","COMPONENT_LOCAL_DOC_OR_ARTIFACT","KEEP_LOCAL","Component-local README, workflow, payload, or output sample.","687","2026-05-26 01:08:47"
"components\cat-2\c2-e-form-intake-pipeline\test-payloads\missing-field-map.invalid.json","COMPONENT_LOCAL_DOC_OR_ARTIFACT","KEEP_LOCAL","Component-local README, workflow, payload, or output sample.","584","2026-05-26 01:08:47"
"components\cat-2\c2-e-form-intake-pipeline\test-payloads\tally-form.valid.json","COMPONENT_LOCAL_DOC_OR_ARTIFACT","KEEP_LOCAL","Component-local README, workflow, payload, or output sample.","1290","2026-05-26 01:08:47"
"components\cat-2\c2-e-form-intake-pipeline\test-payloads\typeform-ref-form.valid.json","COMPONENT_LOCAL_DOC_OR_ARTIFACT","KEEP_LOCAL","Component-local README, workflow, payload, or output sample.","1444","2026-05-26 01:08:47"
"components\cat-2\c2-e-form-intake-pipeline\test-payloads\upstream-failed.invalid.json","COMPONENT_LOCAL_DOC_OR_ARTIFACT","KEEP_LOCAL","Component-local README, workflow, payload, or output sample.","669","2026-05-26 01:08:47"
"components\cat-2\c2-e-form-intake-pipeline\test-payloads\website-form.valid.json","COMPONENT_LOCAL_DOC_OR_ARTIFACT","KEEP_LOCAL","Component-local README, workflow, payload, or output sample.","1263","2026-05-26 01:08:47"
"components\cat-2\c2-e-form-intake-pipeline\workflows\c2-e-core-form-intake-pipeline-v1.json","COMPONENT_LOCAL_DOC_OR_ARTIFACT","KEEP_LOCAL","Component-local README, workflow, payload, or output sample.","11939","2026-05-26 01:17:54"
"components\cat-2\c2-f-payload-validation-layer\README.md","COMPONENT_LOCAL_DOC_OR_ARTIFACT","KEEP_LOCAL","Component-local README, workflow, payload, or output sample.","4182","2026-05-25 14:41:36"
"components\cat-2\c2-f-payload-validation-layer\output-samples\error-empty-payload.json","COMPONENT_LOCAL_DOC_OR_ARTIFACT","KEEP_LOCAL","Component-local README, workflow, payload, or output sample.","952","2026-05-25 14:41:36"
"components\cat-2\c2-f-payload-validation-layer\output-samples\error-invalid-email.json","COMPONENT_LOCAL_DOC_OR_ARTIFACT","KEEP_LOCAL","Component-local README, workflow, payload, or output sample.","851","2026-05-25 14:41:36"
"components\cat-2\c2-f-payload-validation-layer\output-samples\error-min-length.json","COMPONENT_LOCAL_DOC_OR_ARTIFACT","KEEP_LOCAL","Component-local README, workflow, payload, or output sample.","856","2026-05-25 14:41:36"
"components\cat-2\c2-f-payload-validation-layer\output-samples\error-missing-required-field.json","COMPONENT_LOCAL_DOC_OR_ARTIFACT","KEEP_LOCAL","Component-local README, workflow, payload, or output sample.","814","2026-05-25 14:41:36"
"components\cat-2\c2-f-payload-validation-layer\output-samples\success-output.json","COMPONENT_LOCAL_DOC_OR_ARTIFACT","KEEP_LOCAL","Component-local README, workflow, payload, or output sample.","610","2026-05-25 14:41:36"
"components\cat-2\c2-f-payload-validation-layer\test-payloads\empty-payload.invalid.json","COMPONENT_LOCAL_DOC_OR_ARTIFACT","KEEP_LOCAL","Component-local README, workflow, payload, or output sample.","637","2026-05-25 14:41:36"
"components\cat-2\c2-f-payload-validation-layer\test-payloads\lead-intake.invalid-email.invalid.json","COMPONENT_LOCAL_DOC_OR_ARTIFACT","KEEP_LOCAL","Component-local README, workflow, payload, or output sample.","788","2026-05-25 14:41:36"
"components\cat-2\c2-f-payload-validation-layer\test-payloads\lead-intake.missing-email.invalid.json","COMPONENT_LOCAL_DOC_OR_ARTIFACT","KEEP_LOCAL","Component-local README, workflow, payload, or output sample.","756","2026-05-25 14:41:36"
"components\cat-2\c2-f-payload-validation-layer\test-payloads\lead-intake.short-message.invalid.json","COMPONENT_LOCAL_DOC_OR_ARTIFACT","KEEP_LOCAL","Component-local README, workflow, payload, or output sample.","770","2026-05-25 14:41:36"
"components\cat-2\c2-f-payload-validation-layer\test-payloads\lead-intake.valid.json","COMPONENT_LOCAL_DOC_OR_ARTIFACT","KEEP_LOCAL","Component-local README, workflow, payload, or output sample.","789","2026-05-25 14:41:36"
"components\cat-2\c2-f-payload-validation-layer\test-payloads\payment-success.valid.json","COMPONENT_LOCAL_DOC_OR_ARTIFACT","KEEP_LOCAL","Component-local README, workflow, payload, or output sample.","904","2026-05-25 14:41:36"
"components\cat-2\c2-f-payload-validation-layer\workflows\c2-f-core-payload-validator-v1.json","COMPONENT_LOCAL_DOC_OR_ARTIFACT","KEEP_LOCAL","Component-local README, workflow, payload, or output sample.","11482","2026-05-25 14:41:36"
"components\cat-2\c2-g-file-upload-routing\README.md","COMPONENT_LOCAL_DOC_OR_ARTIFACT","KEEP_LOCAL","Component-local README, workflow, payload, or output sample.","5780","2026-05-26 12:40:23"
"components\cat-2\c2-g-file-upload-routing\output-samples\error-blocked-extension.json","COMPONENT_LOCAL_DOC_OR_ARTIFACT","KEEP_LOCAL","Component-local README, workflow, payload, or output sample.","741","2026-05-26 12:41:11"
"components\cat-2\c2-g-file-upload-routing\output-samples\error-file-routing-not-requested.json","COMPONENT_LOCAL_DOC_OR_ARTIFACT","KEEP_LOCAL","Component-local README, workflow, payload, or output sample.","587","2026-05-26 12:41:11"
"components\cat-2\c2-g-file-upload-routing\output-samples\error-missing-file.json","COMPONENT_LOCAL_DOC_OR_ARTIFACT","KEEP_LOCAL","Component-local README, workflow, payload, or output sample.","558","2026-05-26 12:41:11"
"components\cat-2\c2-g-file-upload-routing\output-samples\error-oversized-file.json","COMPONENT_LOCAL_DOC_OR_ARTIFACT","KEEP_LOCAL","Component-local README, workflow, payload, or output sample.","737","2026-05-26 12:41:11"
"components\cat-2\c2-g-file-upload-routing\output-samples\error-upstream-failed.json","COMPONENT_LOCAL_DOC_OR_ARTIFACT","KEEP_LOCAL","Component-local README, workflow, payload, or output sample.","660","2026-05-26 12:41:11"
"components\cat-2\c2-g-file-upload-routing\output-samples\success-csv-upload.json","COMPONENT_LOCAL_DOC_OR_ARTIFACT","KEEP_LOCAL","Component-local README, workflow, payload, or output sample.","1916","2026-05-26 12:41:11"
"components\cat-2\c2-g-file-upload-routing\output-samples\success-image-upload.json","COMPONENT_LOCAL_DOC_OR_ARTIFACT","KEEP_LOCAL","Component-local README, workflow, payload, or output sample.","1879","2026-05-26 12:41:11"
"components\cat-2\c2-g-file-upload-routing\output-samples\success-pdf-upload.json","COMPONENT_LOCAL_DOC_OR_ARTIFACT","KEEP_LOCAL","Component-local README, workflow, payload, or output sample.","1931","2026-05-26 12:41:11"
"components\cat-2\c2-g-file-upload-routing\test-payloads\blocked-extension.invalid.json","COMPONENT_LOCAL_DOC_OR_ARTIFACT","KEEP_LOCAL","Component-local README, workflow, payload, or output sample.","1273","2026-05-26 12:31:52"
"components\cat-2\c2-g-file-upload-routing\test-payloads\csv-upload.valid.json","COMPONENT_LOCAL_DOC_OR_ARTIFACT","KEEP_LOCAL","Component-local README, workflow, payload, or output sample.","1390","2026-05-26 12:31:52"
"components\cat-2\c2-g-file-upload-routing\test-payloads\file-routing-not-requested.invalid.json","COMPONENT_LOCAL_DOC_OR_ARTIFACT","KEEP_LOCAL","Component-local README, workflow, payload, or output sample.","688","2026-05-26 12:31:52"
"components\cat-2\c2-g-file-upload-routing\test-payloads\image-upload.valid.json","COMPONENT_LOCAL_DOC_OR_ARTIFACT","KEEP_LOCAL","Component-local README, workflow, payload, or output sample.","1395","2026-05-26 12:31:52"
"components\cat-2\c2-g-file-upload-routing\test-payloads\missing-file.invalid.json","COMPONENT_LOCAL_DOC_OR_ARTIFACT","KEEP_LOCAL","Component-local README, workflow, payload, or output sample.","520","2026-05-26 12:31:52"
"components\cat-2\c2-g-file-upload-routing\test-payloads\oversized-file.invalid.json","COMPONENT_LOCAL_DOC_OR_ARTIFACT","KEEP_LOCAL","Component-local README, workflow, payload, or output sample.","1128","2026-05-26 12:31:52"
"components\cat-2\c2-g-file-upload-routing\test-payloads\pdf-upload.valid.json","COMPONENT_LOCAL_DOC_OR_ARTIFACT","KEEP_LOCAL","Component-local README, workflow, payload, or output sample.","1418","2026-05-26 12:31:52"
"components\cat-2\c2-g-file-upload-routing\test-payloads\upstream-failed.invalid.json","COMPONENT_LOCAL_DOC_OR_ARTIFACT","KEEP_LOCAL","Component-local README, workflow, payload, or output sample.","658","2026-05-26 12:31:52"
"components\cat-2\c2-g-file-upload-routing\workflows\c2-g-core-file-upload-routing-v1.json","COMPONENT_LOCAL_DOC_OR_ARTIFACT","KEEP_LOCAL","Component-local README, workflow, payload, or output sample.","14735","2026-05-26 12:38:42"
"components\cat-2\c2-h-payment-on-intake-flow\README.md","COMPONENT_LOCAL_DOC_OR_ARTIFACT","KEEP_LOCAL","Component-local README, workflow, payload, or output sample.","7128","2026-05-26 18:20:03"
"components\cat-2\c2-h-payment-on-intake-flow\output-samples\error-currency-not-allowed.json","COMPONENT_LOCAL_DOC_OR_ARTIFACT","KEEP_LOCAL","Component-local README, workflow, payload, or output sample.","774","2026-05-26 18:22:28"
"components\cat-2\c2-h-payment-on-intake-flow\output-samples\error-missing-amount.json","COMPONENT_LOCAL_DOC_OR_ARTIFACT","KEEP_LOCAL","Component-local README, workflow, payload, or output sample.","628","2026-05-26 18:22:28"
"components\cat-2\c2-h-payment-on-intake-flow\output-samples\error-missing-provider.json","COMPONENT_LOCAL_DOC_OR_ARTIFACT","KEEP_LOCAL","Component-local README, workflow, payload, or output sample.","604","2026-05-26 18:22:28"
"components\cat-2\c2-h-payment-on-intake-flow\output-samples\error-not-approved.json","COMPONENT_LOCAL_DOC_OR_ARTIFACT","KEEP_LOCAL","Component-local README, workflow, payload, or output sample.","642","2026-05-26 18:22:28"
"components\cat-2\c2-h-payment-on-intake-flow\output-samples\error-payment-not-requested.json","COMPONENT_LOCAL_DOC_OR_ARTIFACT","KEEP_LOCAL","Component-local README, workflow, payload, or output sample.","612","2026-05-26 18:22:28"
"components\cat-2\c2-h-payment-on-intake-flow\output-samples\error-upstream-action-failed.json","COMPONENT_LOCAL_DOC_OR_ARTIFACT","KEEP_LOCAL","Component-local README, workflow, payload, or output sample.","701","2026-05-26 18:22:28"
"components\cat-2\c2-h-payment-on-intake-flow\output-samples\success-paypal-invoice.json","COMPONENT_LOCAL_DOC_OR_ARTIFACT","KEEP_LOCAL","Component-local README, workflow, payload, or output sample.","2296","2026-05-26 18:22:28"
"components\cat-2\c2-h-payment-on-intake-flow\output-samples\success-razorpay-payment-link.json","COMPONENT_LOCAL_DOC_OR_ARTIFACT","KEEP_LOCAL","Component-local README, workflow, payload, or output sample.","2405","2026-05-26 18:22:28"
"components\cat-2\c2-h-payment-on-intake-flow\output-samples\success-stripe-payment-link.json","COMPONENT_LOCAL_DOC_OR_ARTIFACT","KEEP_LOCAL","Component-local README, workflow, payload, or output sample.","2188","2026-05-26 18:22:28"
"components\cat-2\c2-h-payment-on-intake-flow\output-samples\success-wise-manual-payment.json","COMPONENT_LOCAL_DOC_OR_ARTIFACT","KEEP_LOCAL","Component-local README, workflow, payload, or output sample.","2347","2026-05-26 18:22:28"
"components\cat-2\c2-h-payment-on-intake-flow\test-payloads\currency-not-allowed.invalid.json","COMPONENT_LOCAL_DOC_OR_ARTIFACT","KEEP_LOCAL","Component-local README, workflow, payload, or output sample.","737","2026-05-26 18:06:01"
"components\cat-2\c2-h-payment-on-intake-flow\test-payloads\missing-amount.invalid.json","COMPONENT_LOCAL_DOC_OR_ARTIFACT","KEEP_LOCAL","Component-local README, workflow, payload, or output sample.","669","2026-05-26 18:06:01"
"components\cat-2\c2-h-payment-on-intake-flow\test-payloads\missing-provider.invalid.json","COMPONENT_LOCAL_DOC_OR_ARTIFACT","KEEP_LOCAL","Component-local README, workflow, payload, or output sample.","666","2026-05-26 18:06:01"
"components\cat-2\c2-h-payment-on-intake-flow\test-payloads\not-approved.invalid.json","COMPONENT_LOCAL_DOC_OR_ARTIFACT","KEEP_LOCAL","Component-local README, workflow, payload, or output sample.","691","2026-05-26 18:06:01"
"components\cat-2\c2-h-payment-on-intake-flow\test-payloads\payment-not-requested.invalid.json","COMPONENT_LOCAL_DOC_OR_ARTIFACT","KEEP_LOCAL","Component-local README, workflow, payload, or output sample.","678","2026-05-26 18:06:01"
"components\cat-2\c2-h-payment-on-intake-flow\test-payloads\paypal-invoice.valid.json","COMPONENT_LOCAL_DOC_OR_ARTIFACT","KEEP_LOCAL","Component-local README, workflow, payload, or output sample.","1257","2026-05-26 18:06:01"
"components\cat-2\c2-h-payment-on-intake-flow\test-payloads\razorpay-payment-link.valid.json","COMPONENT_LOCAL_DOC_OR_ARTIFACT","KEEP_LOCAL","Component-local README, workflow, payload, or output sample.","1278","2026-05-26 18:06:01"
"components\cat-2\c2-h-payment-on-intake-flow\test-payloads\stripe-payment-link.valid.json","COMPONENT_LOCAL_DOC_OR_ARTIFACT","KEEP_LOCAL","Component-local README, workflow, payload, or output sample.","1280","2026-05-26 18:06:01"
"components\cat-2\c2-h-payment-on-intake-flow\test-payloads\upstream-failed.invalid.json","COMPONENT_LOCAL_DOC_OR_ARTIFACT","KEEP_LOCAL","Component-local README, workflow, payload, or output sample.","677","2026-05-26 18:06:01"
"components\cat-2\c2-h-payment-on-intake-flow\test-payloads\wise-manual-payment.valid.json","COMPONENT_LOCAL_DOC_OR_ARTIFACT","KEEP_LOCAL","Component-local README, workflow, payload, or output sample.","1419","2026-05-26 18:06:01"
"components\cat-2\c2-h-payment-on-intake-flow\workflows\c2-h-core-payment-on-intake-flow-v1.json","COMPONENT_LOCAL_DOC_OR_ARTIFACT","KEEP_LOCAL","Component-local README, workflow, payload, or output sample.","18234","2026-05-26 18:15:46"
"components\cat-2\c2-i-notification-alert-engine\README.md","COMPONENT_LOCAL_DOC_OR_ARTIFACT","KEEP_LOCAL","Component-local README, workflow, payload, or output sample.","3776","2026-05-25 15:44:48"
"components\cat-2\c2-i-notification-alert-engine\output-samples\error-missing-recipient.json","COMPONENT_LOCAL_DOC_OR_ARTIFACT","KEEP_LOCAL","Component-local README, workflow, payload, or output sample.","1027","2026-05-25 15:43:56"
"components\cat-2\c2-i-notification-alert-engine\output-samples\error-upstream-action-failed.json","COMPONENT_LOCAL_DOC_OR_ARTIFACT","KEEP_LOCAL","Component-local README, workflow, payload, or output sample.","1011","2026-05-25 15:43:56"
"components\cat-2\c2-i-notification-alert-engine\output-samples\success-output.json","COMPONENT_LOCAL_DOC_OR_ARTIFACT","KEEP_LOCAL","Component-local README, workflow, payload, or output sample.","975","2026-05-25 15:43:56"
"components\cat-2\c2-i-notification-alert-engine\test-payloads\email-notify.valid.json","COMPONENT_LOCAL_DOC_OR_ARTIFACT","KEEP_LOCAL","Component-local README, workflow, payload, or output sample.","1009","2026-05-25 15:30:41"
"components\cat-2\c2-i-notification-alert-engine\test-payloads\missing-recipient.invalid.json","COMPONENT_LOCAL_DOC_OR_ARTIFACT","KEEP_LOCAL","Component-local README, workflow, payload, or output sample.","979","2026-05-25 15:30:41"
"components\cat-2\c2-i-notification-alert-engine\test-payloads\upstream-write-failed.invalid.json","COMPONENT_LOCAL_DOC_OR_ARTIFACT","KEEP_LOCAL","Component-local README, workflow, payload, or output sample.","1034","2026-05-25 15:30:41"
"components\cat-2\c2-i-notification-alert-engine\workflows\c2-i1-core-email-notification-adapter-v1.json","COMPONENT_LOCAL_DOC_OR_ARTIFACT","KEEP_LOCAL","Component-local README, workflow, payload, or output sample.","11994","2026-05-25 15:42:37"
"components\cat-2\c2-j-digest-summary-notification-builder\README.md","COMPONENT_LOCAL_DOC_OR_ARTIFACT","KEEP_LOCAL","Component-local README, workflow, payload, or output sample.","4612","2026-05-25 22:06:28"
"components\cat-2\c2-j-digest-summary-notification-builder\output-samples\error-digest-not-requested.json","COMPONENT_LOCAL_DOC_OR_ARTIFACT","KEEP_LOCAL","Component-local README, workflow, payload, or output sample.","536","2026-05-25 22:06:50"
"components\cat-2\c2-j-digest-summary-notification-builder\output-samples\error-missing-records.json","COMPONENT_LOCAL_DOC_OR_ARTIFACT","KEEP_LOCAL","Component-local README, workflow, payload, or output sample.","542","2026-05-25 22:06:50"
"components\cat-2\c2-j-digest-summary-notification-builder\output-samples\error-upstream-action-failed.json","COMPONENT_LOCAL_DOC_OR_ARTIFACT","KEEP_LOCAL","Component-local README, workflow, payload, or output sample.","650","2026-05-25 22:06:50"
"components\cat-2\c2-j-digest-summary-notification-builder\output-samples\success-approval-digest.json","COMPONENT_LOCAL_DOC_OR_ARTIFACT","KEEP_LOCAL","Component-local README, workflow, payload, or output sample.","1682","2026-05-25 22:06:50"
"components\cat-2\c2-j-digest-summary-notification-builder\output-samples\success-daily-digest.json","COMPONENT_LOCAL_DOC_OR_ARTIFACT","KEEP_LOCAL","Component-local README, workflow, payload, or output sample.","1942","2026-05-25 22:06:50"
"components\cat-2\c2-j-digest-summary-notification-builder\output-samples\success-error-digest.json","COMPONENT_LOCAL_DOC_OR_ARTIFACT","KEEP_LOCAL","Component-local README, workflow, payload, or output sample.","1633","2026-05-25 22:06:50"
"components\cat-2\c2-j-digest-summary-notification-builder\test-payloads\approval-digest.valid.json","COMPONENT_LOCAL_DOC_OR_ARTIFACT","KEEP_LOCAL","Component-local README, workflow, payload, or output sample.","1330","2026-05-25 21:58:33"
"components\cat-2\c2-j-digest-summary-notification-builder\test-payloads\daily-digest.valid.json","COMPONENT_LOCAL_DOC_OR_ARTIFACT","KEEP_LOCAL","Component-local README, workflow, payload, or output sample.","2011","2026-05-25 21:58:33"
"components\cat-2\c2-j-digest-summary-notification-builder\test-payloads\digest-not-requested.invalid.json","COMPONENT_LOCAL_DOC_OR_ARTIFACT","KEEP_LOCAL","Component-local README, workflow, payload, or output sample.","627","2026-05-25 21:58:33"
"components\cat-2\c2-j-digest-summary-notification-builder\test-payloads\error-digest.valid.json","COMPONENT_LOCAL_DOC_OR_ARTIFACT","KEEP_LOCAL","Component-local README, workflow, payload, or output sample.","1379","2026-05-25 21:58:33"
"components\cat-2\c2-j-digest-summary-notification-builder\test-payloads\missing-records.invalid.json","COMPONENT_LOCAL_DOC_OR_ARTIFACT","KEEP_LOCAL","Component-local README, workflow, payload, or output sample.","619","2026-05-25 21:58:33"
"components\cat-2\c2-j-digest-summary-notification-builder\test-payloads\upstream-failed.invalid.json","COMPONENT_LOCAL_DOC_OR_ARTIFACT","KEEP_LOCAL","Component-local README, workflow, payload, or output sample.","737","2026-05-25 21:58:33"
"components\cat-2\c2-j-digest-summary-notification-builder\workflows\c2-j-core-digest-summary-notification-builder-v1.json","COMPONENT_LOCAL_DOC_OR_ARTIFACT","KEEP_LOCAL","Component-local README, workflow, payload, or output sample.","13037","2026-05-25 22:03:59"
"components\cat-2\c2-k-llm-in-workflow-adapter\README.md","COMPONENT_LOCAL_DOC_OR_ARTIFACT","KEEP_LOCAL","Component-local README, workflow, payload, or output sample.","5177","2026-05-25 20:05:11"
"components\cat-2\c2-k-llm-in-workflow-adapter\output-samples\error-ai-not-requested.json","COMPONENT_LOCAL_DOC_OR_ARTIFACT","KEEP_LOCAL","Component-local README, workflow, payload, or output sample.","681","2026-05-25 20:06:55"
"components\cat-2\c2-k-llm-in-workflow-adapter\output-samples\error-missing-model.json","COMPONENT_LOCAL_DOC_OR_ARTIFACT","KEEP_LOCAL","Component-local README, workflow, payload, or output sample.","644","2026-05-25 20:06:55"
"components\cat-2\c2-k-llm-in-workflow-adapter\output-samples\error-upstream-action-failed.json","COMPONENT_LOCAL_DOC_OR_ARTIFACT","KEEP_LOCAL","Component-local README, workflow, payload, or output sample.","778","2026-05-25 20:06:55"
"components\cat-2\c2-k-llm-in-workflow-adapter\output-samples\success-content-classification.json","COMPONENT_LOCAL_DOC_OR_ARTIFACT","KEEP_LOCAL","Component-local README, workflow, payload, or output sample.","1115","2026-05-25 20:06:55"
"components\cat-2\c2-k-llm-in-workflow-adapter\output-samples\success-lead-summary.json","COMPONENT_LOCAL_DOC_OR_ARTIFACT","KEEP_LOCAL","Component-local README, workflow, payload, or output sample.","1200","2026-05-25 20:06:55"
"components\cat-2\c2-k-llm-in-workflow-adapter\test-payloads\ai-not-requested.invalid.json","COMPONENT_LOCAL_DOC_OR_ARTIFACT","KEEP_LOCAL","Component-local README, workflow, payload, or output sample.","792","2026-05-25 19:20:26"
"components\cat-2\c2-k-llm-in-workflow-adapter\test-payloads\content-classification.valid.json","COMPONENT_LOCAL_DOC_OR_ARTIFACT","KEEP_LOCAL","Component-local README, workflow, payload, or output sample.","1073","2026-05-25 19:20:26"
"components\cat-2\c2-k-llm-in-workflow-adapter\test-payloads\lead-summary.valid.json","COMPONENT_LOCAL_DOC_OR_ARTIFACT","KEEP_LOCAL","Component-local README, workflow, payload, or output sample.","1035","2026-05-25 19:20:26"
"components\cat-2\c2-k-llm-in-workflow-adapter\test-payloads\missing-model.invalid.json","COMPONENT_LOCAL_DOC_OR_ARTIFACT","KEEP_LOCAL","Component-local README, workflow, payload, or output sample.","747","2026-05-25 19:20:26"
"components\cat-2\c2-k-llm-in-workflow-adapter\test-payloads\upstream-failed.invalid.json","COMPONENT_LOCAL_DOC_OR_ARTIFACT","KEEP_LOCAL","Component-local README, workflow, payload, or output sample.","832","2026-05-25 19:20:26"
"components\cat-2\c2-k-llm-in-workflow-adapter\workflows\c2-k-core-groq-openai-compatible-llm-adapter-v1.json","COMPONENT_LOCAL_DOC_OR_ARTIFACT","KEEP_LOCAL","Component-local README, workflow, payload, or output sample.","14403","2026-05-25 19:59:34"
"components\cat-2\c2-l-calendar-scheduling-automation\README.md","COMPONENT_LOCAL_DOC_OR_ARTIFACT","KEEP_LOCAL","Component-local README, workflow, payload, or output sample.","6701","2026-05-26 17:35:38"
"components\cat-2\c2-l-calendar-scheduling-automation\output-samples\error-missing-booking-url.json","COMPONENT_LOCAL_DOC_OR_ARTIFACT","KEEP_LOCAL","Component-local README, workflow, payload, or output sample.","640","2026-05-26 17:37:10"
"components\cat-2\c2-l-calendar-scheduling-automation\output-samples\error-missing-event-time.json","COMPONENT_LOCAL_DOC_OR_ARTIFACT","KEEP_LOCAL","Component-local README, workflow, payload, or output sample.","680","2026-05-26 17:37:10"
"components\cat-2\c2-l-calendar-scheduling-automation\output-samples\error-missing-provider.json","COMPONENT_LOCAL_DOC_OR_ARTIFACT","KEEP_LOCAL","Component-local README, workflow, payload, or output sample.","606","2026-05-26 17:37:10"
"components\cat-2\c2-l-calendar-scheduling-automation\output-samples\error-scheduling-not-requested.json","COMPONENT_LOCAL_DOC_OR_ARTIFACT","KEEP_LOCAL","Component-local README, workflow, payload, or output sample.","627","2026-05-26 17:37:10"
"components\cat-2\c2-l-calendar-scheduling-automation\output-samples\error-upstream-action-failed.json","COMPONENT_LOCAL_DOC_OR_ARTIFACT","KEEP_LOCAL","Component-local README, workflow, payload, or output sample.","709","2026-05-26 17:37:10"
"components\cat-2\c2-l-calendar-scheduling-automation\output-samples\success-cal-com-link.json","COMPONENT_LOCAL_DOC_OR_ARTIFACT","KEEP_LOCAL","Component-local README, workflow, payload, or output sample.","2249","2026-05-26 17:37:10"
"components\cat-2\c2-l-calendar-scheduling-automation\output-samples\success-calendly-link.json","COMPONENT_LOCAL_DOC_OR_ARTIFACT","KEEP_LOCAL","Component-local README, workflow, payload, or output sample.","2261","2026-05-26 17:37:10"
"components\cat-2\c2-l-calendar-scheduling-automation\output-samples\success-google-calendar-event.json","COMPONENT_LOCAL_DOC_OR_ARTIFACT","KEEP_LOCAL","Component-local README, workflow, payload, or output sample.","2200","2026-05-26 17:37:10"
"components\cat-2\c2-l-calendar-scheduling-automation\output-samples\success-manual-scheduling.json","COMPONENT_LOCAL_DOC_OR_ARTIFACT","KEEP_LOCAL","Component-local README, workflow, payload, or output sample.","1970","2026-05-26 17:37:10"
"components\cat-2\c2-l-calendar-scheduling-automation\test-payloads\cal-com-link.valid.json","COMPONENT_LOCAL_DOC_OR_ARTIFACT","KEEP_LOCAL","Component-local README, workflow, payload, or output sample.","1241","2026-05-26 17:25:57"
"components\cat-2\c2-l-calendar-scheduling-automation\test-payloads\calendly-link.valid.json","COMPONENT_LOCAL_DOC_OR_ARTIFACT","KEEP_LOCAL","Component-local README, workflow, payload, or output sample.","1248","2026-05-26 17:25:57"
"components\cat-2\c2-l-calendar-scheduling-automation\test-payloads\google-calendar-event.valid.json","COMPONENT_LOCAL_DOC_OR_ARTIFACT","KEEP_LOCAL","Component-local README, workflow, payload, or output sample.","1297","2026-05-26 17:25:57"
"components\cat-2\c2-l-calendar-scheduling-automation\test-payloads\manual-scheduling.valid.json","COMPONENT_LOCAL_DOC_OR_ARTIFACT","KEEP_LOCAL","Component-local README, workflow, payload, or output sample.","1173","2026-05-26 17:25:57"
"components\cat-2\c2-l-calendar-scheduling-automation\test-payloads\missing-booking-url.invalid.json","COMPONENT_LOCAL_DOC_OR_ARTIFACT","KEEP_LOCAL","Component-local README, workflow, payload, or output sample.","612","2026-05-26 17:25:57"
"components\cat-2\c2-l-calendar-scheduling-automation\test-payloads\missing-event-time.invalid.json","COMPONENT_LOCAL_DOC_OR_ARTIFACT","KEEP_LOCAL","Component-local README, workflow, payload, or output sample.","693","2026-05-26 17:25:57"
"components\cat-2\c2-l-calendar-scheduling-automation\test-payloads\missing-provider.invalid.json","COMPONENT_LOCAL_DOC_OR_ARTIFACT","KEEP_LOCAL","Component-local README, workflow, payload, or output sample.","649","2026-05-26 17:25:57"
"components\cat-2\c2-l-calendar-scheduling-automation\test-payloads\scheduling-not-requested.invalid.json","COMPONENT_LOCAL_DOC_OR_ARTIFACT","KEEP_LOCAL","Component-local README, workflow, payload, or output sample.","676","2026-05-26 17:25:57"
"components\cat-2\c2-l-calendar-scheduling-automation\test-payloads\upstream-failed.invalid.json","COMPONENT_LOCAL_DOC_OR_ARTIFACT","KEEP_LOCAL","Component-local README, workflow, payload, or output sample.","729","2026-05-26 17:25:57"
"components\cat-2\c2-l-calendar-scheduling-automation\workflows\c2-l-core-calendar-scheduling-automation-v1.json","COMPONENT_LOCAL_DOC_OR_ARTIFACT","KEEP_LOCAL","Component-local README, workflow, payload, or output sample.","16614","2026-05-26 17:32:46"
"components\cat-2\c2-m-whatsapp-message-automation\README.md","COMPONENT_LOCAL_DOC_OR_ARTIFACT","KEEP_LOCAL","Component-local README, workflow, payload, or output sample.","6348","2026-05-26 18:00:16"
"components\cat-2\c2-m-whatsapp-message-automation\output-samples\error-missing-message-body.json","COMPONENT_LOCAL_DOC_OR_ARTIFACT","KEEP_LOCAL","Component-local README, workflow, payload, or output sample.","615","2026-05-26 18:01:14"
"components\cat-2\c2-m-whatsapp-message-automation\output-samples\error-missing-provider.json","COMPONENT_LOCAL_DOC_OR_ARTIFACT","KEEP_LOCAL","Component-local README, workflow, payload, or output sample.","590","2026-05-26 18:01:14"
"components\cat-2\c2-m-whatsapp-message-automation\output-samples\error-missing-recipient-phone.json","COMPONENT_LOCAL_DOC_OR_ARTIFACT","KEEP_LOCAL","Component-local README, workflow, payload, or output sample.","605","2026-05-26 18:01:14"
"components\cat-2\c2-m-whatsapp-message-automation\output-samples\error-not-approved.json","COMPONENT_LOCAL_DOC_OR_ARTIFACT","KEEP_LOCAL","Component-local README, workflow, payload, or output sample.","629","2026-05-26 18:01:14"
"components\cat-2\c2-m-whatsapp-message-automation\output-samples\error-upstream-action-failed.json","COMPONENT_LOCAL_DOC_OR_ARTIFACT","KEEP_LOCAL","Component-local README, workflow, payload, or output sample.","687","2026-05-26 18:01:14"
"components\cat-2\c2-m-whatsapp-message-automation\output-samples\error-whatsapp-not-requested.json","COMPONENT_LOCAL_DOC_OR_ARTIFACT","KEEP_LOCAL","Component-local README, workflow, payload, or output sample.","599","2026-05-26 18:01:14"
"components\cat-2\c2-m-whatsapp-message-automation\output-samples\success-manual-whatsapp.json","COMPONENT_LOCAL_DOC_OR_ARTIFACT","KEEP_LOCAL","Component-local README, workflow, payload, or output sample.","1829","2026-05-26 18:01:14"
"components\cat-2\c2-m-whatsapp-message-automation\output-samples\success-twilio-whatsapp.json","COMPONENT_LOCAL_DOC_OR_ARTIFACT","KEEP_LOCAL","Component-local README, workflow, payload, or output sample.","1839","2026-05-26 18:01:14"
"components\cat-2\c2-m-whatsapp-message-automation\output-samples\success-wati-handoff.json","COMPONENT_LOCAL_DOC_OR_ARTIFACT","KEEP_LOCAL","Component-local README, workflow, payload, or output sample.","1770","2026-05-26 18:01:14"
"components\cat-2\c2-m-whatsapp-message-automation\output-samples\success-whatsapp-cloud-api.json","COMPONENT_LOCAL_DOC_OR_ARTIFACT","KEEP_LOCAL","Component-local README, workflow, payload, or output sample.","2313","2026-05-26 18:01:14"
"components\cat-2\c2-m-whatsapp-message-automation\test-payloads\manual-whatsapp.valid.json","COMPONENT_LOCAL_DOC_OR_ARTIFACT","KEEP_LOCAL","Component-local README, workflow, payload, or output sample.","1016","2026-05-26 17:48:01"
"components\cat-2\c2-m-whatsapp-message-automation\test-payloads\missing-message-body.invalid.json","COMPONENT_LOCAL_DOC_OR_ARTIFACT","KEEP_LOCAL","Component-local README, workflow, payload, or output sample.","742","2026-05-26 17:48:01"
"components\cat-2\c2-m-whatsapp-message-automation\test-payloads\missing-provider.invalid.json","COMPONENT_LOCAL_DOC_OR_ARTIFACT","KEEP_LOCAL","Component-local README, workflow, payload, or output sample.","658","2026-05-26 17:48:01"
"components\cat-2\c2-m-whatsapp-message-automation\test-payloads\missing-recipient-phone.invalid.json","COMPONENT_LOCAL_DOC_OR_ARTIFACT","KEEP_LOCAL","Component-local README, workflow, payload, or output sample.","732","2026-05-26 17:48:01"
"components\cat-2\c2-m-whatsapp-message-automation\test-payloads\not-approved.invalid.json","COMPONENT_LOCAL_DOC_OR_ARTIFACT","KEEP_LOCAL","Component-local README, workflow, payload, or output sample.","813","2026-05-26 17:48:01"
"components\cat-2\c2-m-whatsapp-message-automation\test-payloads\twilio-whatsapp.valid.json","COMPONENT_LOCAL_DOC_OR_ARTIFACT","KEEP_LOCAL","Component-local README, workflow, payload, or output sample.","1170","2026-05-26 17:48:01"
"components\cat-2\c2-m-whatsapp-message-automation\test-payloads\upstream-failed.invalid.json","COMPONENT_LOCAL_DOC_OR_ARTIFACT","KEEP_LOCAL","Component-local README, workflow, payload, or output sample.","720","2026-05-26 17:48:01"
"components\cat-2\c2-m-whatsapp-message-automation\test-payloads\wati-handoff.valid.json","COMPONENT_LOCAL_DOC_OR_ARTIFACT","KEEP_LOCAL","Component-local README, workflow, payload, or output sample.","1157","2026-05-26 17:48:01"
"components\cat-2\c2-m-whatsapp-message-automation\test-payloads\whatsapp-cloud-api.valid.json","COMPONENT_LOCAL_DOC_OR_ARTIFACT","KEEP_LOCAL","Component-local README, workflow, payload, or output sample.","1231","2026-05-26 17:48:01"
"components\cat-2\c2-m-whatsapp-message-automation\test-payloads\whatsapp-not-requested.invalid.json","COMPONENT_LOCAL_DOC_OR_ARTIFACT","KEEP_LOCAL","Component-local README, workflow, payload, or output sample.","622","2026-05-26 17:48:01"
"components\cat-2\c2-m-whatsapp-message-automation\workflows\c2-m-core-whatsapp-message-automation-v1.json","COMPONENT_LOCAL_DOC_OR_ARTIFACT","KEEP_LOCAL","Component-local README, workflow, payload, or output sample.","15739","2026-05-26 17:57:20"
"components\cat-2\c2-n-csv-excel-parser\README.md","COMPONENT_LOCAL_DOC_OR_ARTIFACT","KEEP_LOCAL","Component-local README, workflow, payload, or output sample.","5722","2026-05-26 01:49:45"
"components\cat-2\c2-n-csv-excel-parser\output-samples\error-missing-field-map.json","COMPONENT_LOCAL_DOC_OR_ARTIFACT","KEEP_LOCAL","Component-local README, workflow, payload, or output sample.","716","2026-05-26 01:50:44"
"components\cat-2\c2-n-csv-excel-parser\output-samples\error-missing-rows.json","COMPONENT_LOCAL_DOC_OR_ARTIFACT","KEEP_LOCAL","Component-local README, workflow, payload, or output sample.","706","2026-05-26 01:50:44"
"components\cat-2\c2-n-csv-excel-parser\output-samples\error-parser-not-requested.json","COMPONENT_LOCAL_DOC_OR_ARTIFACT","KEEP_LOCAL","Component-local README, workflow, payload, or output sample.","725","2026-05-26 01:50:44"
"components\cat-2\c2-n-csv-excel-parser\output-samples\error-upstream-action-failed.json","COMPONENT_LOCAL_DOC_OR_ARTIFACT","KEEP_LOCAL","Component-local README, workflow, payload, or output sample.","814","2026-05-26 01:50:44"
"components\cat-2\c2-n-csv-excel-parser\output-samples\success-csv-rows.json","COMPONENT_LOCAL_DOC_OR_ARTIFACT","KEEP_LOCAL","Component-local README, workflow, payload, or output sample.","2776","2026-05-26 01:50:44"
"components\cat-2\c2-n-csv-excel-parser\output-samples\success-excel-rows.json","COMPONENT_LOCAL_DOC_OR_ARTIFACT","KEEP_LOCAL","Component-local README, workflow, payload, or output sample.","2506","2026-05-26 01:50:44"
"components\cat-2\c2-n-csv-excel-parser\output-samples\success-messy-rows.json","COMPONENT_LOCAL_DOC_OR_ARTIFACT","KEEP_LOCAL","Component-local README, workflow, payload, or output sample.","2486","2026-05-26 01:50:44"
"components\cat-2\c2-n-csv-excel-parser\test-payloads\csv-rows.valid.json","COMPONENT_LOCAL_DOC_OR_ARTIFACT","KEEP_LOCAL","Component-local README, workflow, payload, or output sample.","1524","2026-05-26 01:32:03"
"components\cat-2\c2-n-csv-excel-parser\test-payloads\excel-rows.valid.json","COMPONENT_LOCAL_DOC_OR_ARTIFACT","KEEP_LOCAL","Component-local README, workflow, payload, or output sample.","1359","2026-05-26 01:32:03"
"components\cat-2\c2-n-csv-excel-parser\test-payloads\messy-rows.valid.json","COMPONENT_LOCAL_DOC_OR_ARTIFACT","KEEP_LOCAL","Component-local README, workflow, payload, or output sample.","1273","2026-05-26 01:32:03"
"components\cat-2\c2-n-csv-excel-parser\test-payloads\missing-field-map.invalid.json","COMPONENT_LOCAL_DOC_OR_ARTIFACT","KEEP_LOCAL","Component-local README, workflow, payload, or output sample.","566","2026-05-26 01:32:03"
"components\cat-2\c2-n-csv-excel-parser\test-payloads\missing-rows.invalid.json","COMPONENT_LOCAL_DOC_OR_ARTIFACT","KEEP_LOCAL","Component-local README, workflow, payload, or output sample.","528","2026-05-26 01:32:03"
"components\cat-2\c2-n-csv-excel-parser\test-payloads\parser-not-requested.invalid.json","COMPONENT_LOCAL_DOC_OR_ARTIFACT","KEEP_LOCAL","Component-local README, workflow, payload, or output sample.","632","2026-05-26 01:32:03"
"components\cat-2\c2-n-csv-excel-parser\test-payloads\upstream-failed.invalid.json","COMPONENT_LOCAL_DOC_OR_ARTIFACT","KEEP_LOCAL","Component-local README, workflow, payload, or output sample.","665","2026-05-26 01:32:03"
"components\cat-2\c2-n-csv-excel-parser\workflows\c2-n-core-csv-excel-parser-v1.json","COMPONENT_LOCAL_DOC_OR_ARTIFACT","KEEP_LOCAL","Component-local README, workflow, payload, or output sample.","13121","2026-05-26 01:47:22"
"components\cat-2\c2-o-human-approval-gate\README.md","COMPONENT_LOCAL_DOC_OR_ARTIFACT","KEEP_LOCAL","Component-local README, workflow, payload, or output sample.","3875","2026-05-25 16:47:07"
"components\cat-2\c2-o-human-approval-gate\output-samples\error-approval-not-requested.json","COMPONENT_LOCAL_DOC_OR_ARTIFACT","KEEP_LOCAL","Component-local README, workflow, payload, or output sample.","805","2026-05-25 16:46:05"
"components\cat-2\c2-o-human-approval-gate\output-samples\error-missing-reviewer.json","COMPONENT_LOCAL_DOC_OR_ARTIFACT","KEEP_LOCAL","Component-local README, workflow, payload, or output sample.","737","2026-05-25 16:46:05"
"components\cat-2\c2-o-human-approval-gate\output-samples\error-upstream-action-failed.json","COMPONENT_LOCAL_DOC_OR_ARTIFACT","KEEP_LOCAL","Component-local README, workflow, payload, or output sample.","809","2026-05-25 16:46:05"
"components\cat-2\c2-o-human-approval-gate\output-samples\success-campaign-approval.json","COMPONENT_LOCAL_DOC_OR_ARTIFACT","KEEP_LOCAL","Component-local README, workflow, payload, or output sample.","1141","2026-05-25 16:46:05"
"components\cat-2\c2-o-human-approval-gate\output-samples\success-content-approval.json","COMPONENT_LOCAL_DOC_OR_ARTIFACT","KEEP_LOCAL","Component-local README, workflow, payload, or output sample.","1220","2026-05-25 16:46:05"
"components\cat-2\c2-o-human-approval-gate\test-payloads\approval-not-requested.invalid.json","COMPONENT_LOCAL_DOC_OR_ARTIFACT","KEEP_LOCAL","Component-local README, workflow, payload, or output sample.","731","2026-05-25 16:34:44"
"components\cat-2\c2-o-human-approval-gate\test-payloads\campaign-approval.valid.json","COMPONENT_LOCAL_DOC_OR_ARTIFACT","KEEP_LOCAL","Component-local README, workflow, payload, or output sample.","901","2026-05-25 16:34:44"
"components\cat-2\c2-o-human-approval-gate\test-payloads\content-approval.valid.json","COMPONENT_LOCAL_DOC_OR_ARTIFACT","KEEP_LOCAL","Component-local README, workflow, payload, or output sample.","979","2026-05-25 16:34:44"
"components\cat-2\c2-o-human-approval-gate\test-payloads\missing-reviewer.invalid.json","COMPONENT_LOCAL_DOC_OR_ARTIFACT","KEEP_LOCAL","Component-local README, workflow, payload, or output sample.","680","2026-05-25 16:34:44"
"components\cat-2\c2-o-human-approval-gate\test-payloads\upstream-failed.invalid.json","COMPONENT_LOCAL_DOC_OR_ARTIFACT","KEEP_LOCAL","Component-local README, workflow, payload, or output sample.","784","2026-05-25 16:34:44"
"components\cat-2\c2-o-human-approval-gate\workflows\c2-o-core-human-approval-gate-v1.json","COMPONENT_LOCAL_DOC_OR_ARTIFACT","KEEP_LOCAL","Component-local README, workflow, payload, or output sample.","9784","2026-05-25 16:44:40"
"components\cat-2\c2-o2-approval-response-capture\README.md","COMPONENT_LOCAL_DOC_OR_ARTIFACT","KEEP_LOCAL","Component-local README, workflow, payload, or output sample.","5247","2026-05-25 22:38:55"
"components\cat-2\c2-o2-approval-response-capture\output-samples\error-approval-response-not-requested.json","COMPONENT_LOCAL_DOC_OR_ARTIFACT","KEEP_LOCAL","Component-local README, workflow, payload, or output sample.","578","2026-05-25 22:39:54"
"components\cat-2\c2-o2-approval-response-capture\output-samples\error-invalid-decision.json","COMPONENT_LOCAL_DOC_OR_ARTIFACT","KEEP_LOCAL","Component-local README, workflow, payload, or output sample.","589","2026-05-25 22:39:54"
"components\cat-2\c2-o2-approval-response-capture\output-samples\error-missing-response.json","COMPONENT_LOCAL_DOC_OR_ARTIFACT","KEEP_LOCAL","Component-local README, workflow, payload, or output sample.","561","2026-05-25 22:39:54"
"components\cat-2\c2-o2-approval-response-capture\output-samples\error-upstream-action-failed.json","COMPONENT_LOCAL_DOC_OR_ARTIFACT","KEEP_LOCAL","Component-local README, workflow, payload, or output sample.","668","2026-05-25 22:39:54"
"components\cat-2\c2-o2-approval-response-capture\output-samples\success-approve-response.json","COMPONENT_LOCAL_DOC_OR_ARTIFACT","KEEP_LOCAL","Component-local README, workflow, payload, or output sample.","1259","2026-05-25 22:39:54"
"components\cat-2\c2-o2-approval-response-capture\output-samples\success-reject-response.json","COMPONENT_LOCAL_DOC_OR_ARTIFACT","KEEP_LOCAL","Component-local README, workflow, payload, or output sample.","1263","2026-05-25 22:39:54"
"components\cat-2\c2-o2-approval-response-capture\output-samples\success-revise-response.json","COMPONENT_LOCAL_DOC_OR_ARTIFACT","KEEP_LOCAL","Component-local README, workflow, payload, or output sample.","1279","2026-05-25 22:39:54"
"components\cat-2\c2-o2-approval-response-capture\test-payloads\approval-response-not-requested.invalid.json","COMPONENT_LOCAL_DOC_OR_ARTIFACT","KEEP_LOCAL","Component-local README, workflow, payload, or output sample.","799","2026-05-25 22:30:34"
"components\cat-2\c2-o2-approval-response-capture\test-payloads\approve-response.valid.json","COMPONENT_LOCAL_DOC_OR_ARTIFACT","KEEP_LOCAL","Component-local README, workflow, payload, or output sample.","1307","2026-05-25 22:30:34"
"components\cat-2\c2-o2-approval-response-capture\test-payloads\invalid-decision.invalid.json","COMPONENT_LOCAL_DOC_OR_ARTIFACT","KEEP_LOCAL","Component-local README, workflow, payload, or output sample.","822","2026-05-25 22:30:34"
"components\cat-2\c2-o2-approval-response-capture\test-payloads\missing-response.invalid.json","COMPONENT_LOCAL_DOC_OR_ARTIFACT","KEEP_LOCAL","Component-local README, workflow, payload, or output sample.","669","2026-05-25 22:30:34"
"components\cat-2\c2-o2-approval-response-capture\test-payloads\reject-response.valid.json","COMPONENT_LOCAL_DOC_OR_ARTIFACT","KEEP_LOCAL","Component-local README, workflow, payload, or output sample.","1318","2026-05-25 22:30:34"
"components\cat-2\c2-o2-approval-response-capture\test-payloads\revise-response.valid.json","COMPONENT_LOCAL_DOC_OR_ARTIFACT","KEEP_LOCAL","Component-local README, workflow, payload, or output sample.","1314","2026-05-25 22:30:34"
"components\cat-2\c2-o2-approval-response-capture\test-payloads\upstream-failed.invalid.json","COMPONENT_LOCAL_DOC_OR_ARTIFACT","KEEP_LOCAL","Component-local README, workflow, payload, or output sample.","912","2026-05-25 22:30:34"
"components\cat-2\c2-o2-approval-response-capture\workflows\c2-o2-core-approval-response-capture-v1.json","COMPONENT_LOCAL_DOC_OR_ARTIFACT","KEEP_LOCAL","Component-local README, workflow, payload, or output sample.","10933","2026-05-25 22:35:41"
"components\cat-2\c2-p-suppression-opt-out-guard\README.md","COMPONENT_LOCAL_DOC_OR_ARTIFACT","KEEP_LOCAL","Component-local README, workflow, payload, or output sample.","5103","2026-05-25 21:52:39"
"components\cat-2\c2-p-suppression-opt-out-guard\output-samples\error-suppression-not-requested.json","COMPONENT_LOCAL_DOC_OR_ARTIFACT","KEEP_LOCAL","Component-local README, workflow, payload, or output sample.","718","2026-05-25 21:53:05"
"components\cat-2\c2-p-suppression-opt-out-guard\output-samples\error-upstream-action-failed.json","COMPONENT_LOCAL_DOC_OR_ARTIFACT","KEEP_LOCAL","Component-local README, workflow, payload, or output sample.","824","2026-05-25 21:53:05"
"components\cat-2\c2-p-suppression-opt-out-guard\output-samples\success-allowed-contact.json","COMPONENT_LOCAL_DOC_OR_ARTIFACT","KEEP_LOCAL","Component-local README, workflow, payload, or output sample.","646","2026-05-25 21:53:05"
"components\cat-2\c2-p-suppression-opt-out-guard\output-samples\success-blocked-domain.json","COMPONENT_LOCAL_DOC_OR_ARTIFACT","KEEP_LOCAL","Component-local README, workflow, payload, or output sample.","689","2026-05-25 21:53:05"
"components\cat-2\c2-p-suppression-opt-out-guard\output-samples\success-blocked-suppression-email.json","COMPONENT_LOCAL_DOC_OR_ARTIFACT","KEEP_LOCAL","Component-local README, workflow, payload, or output sample.","894","2026-05-25 21:53:05"
"components\cat-2\c2-p-suppression-opt-out-guard\output-samples\success-manual-review-unknown-consent.json","COMPONENT_LOCAL_DOC_OR_ARTIFACT","KEEP_LOCAL","Component-local README, workflow, payload, or output sample.","714","2026-05-25 21:53:05"
"components\cat-2\c2-p-suppression-opt-out-guard\test-payloads\allowed-contact.valid.json","COMPONENT_LOCAL_DOC_OR_ARTIFACT","KEEP_LOCAL","Component-local README, workflow, payload, or output sample.","1012","2026-05-25 21:41:56"
"components\cat-2\c2-p-suppression-opt-out-guard\test-payloads\blocked-domain.valid.json","COMPONENT_LOCAL_DOC_OR_ARTIFACT","KEEP_LOCAL","Component-local README, workflow, payload, or output sample.","1024","2026-05-25 21:41:56"
"components\cat-2\c2-p-suppression-opt-out-guard\test-payloads\blocked-suppression-email.valid.json","COMPONENT_LOCAL_DOC_OR_ARTIFACT","KEEP_LOCAL","Component-local README, workflow, payload, or output sample.","1208","2026-05-25 21:41:56"
"components\cat-2\c2-p-suppression-opt-out-guard\test-payloads\manual-review-unknown-consent.valid.json","COMPONENT_LOCAL_DOC_OR_ARTIFACT","KEEP_LOCAL","Component-local README, workflow, payload, or output sample.","999","2026-05-25 21:41:56"
"components\cat-2\c2-p-suppression-opt-out-guard\test-payloads\suppression-not-requested.invalid.json","COMPONENT_LOCAL_DOC_OR_ARTIFACT","KEEP_LOCAL","Component-local README, workflow, payload, or output sample.","783","2026-05-25 21:41:56"
"components\cat-2\c2-p-suppression-opt-out-guard\test-payloads\upstream-failed.invalid.json","COMPONENT_LOCAL_DOC_OR_ARTIFACT","KEEP_LOCAL","Component-local README, workflow, payload, or output sample.","855","2026-05-25 21:41:56"
"components\cat-2\c2-p-suppression-opt-out-guard\workflows\c2-p-core-suppression-opt-out-guard-v1.json","COMPONENT_LOCAL_DOC_OR_ARTIFACT","KEEP_LOCAL","Component-local README, workflow, payload, or output sample.","11268","2026-05-25 21:49:49"
"components\cat-2\c2-q-publishing-adapter-family\README.md","COMPONENT_LOCAL_DOC_OR_ARTIFACT","KEEP_LOCAL","Component-local README, workflow, payload, or output sample.","6947","2026-05-26 18:57:41"
"components\cat-2\c2-q-publishing-adapter-family\output-samples\error-missing-body.json","COMPONENT_LOCAL_DOC_OR_ARTIFACT","KEEP_LOCAL","Component-local README, workflow, payload, or output sample.","571","2026-05-26 18:58:53"
"components\cat-2\c2-q-publishing-adapter-family\output-samples\error-missing-platform.json","COMPONENT_LOCAL_DOC_OR_ARTIFACT","KEEP_LOCAL","Component-local README, workflow, payload, or output sample.","580","2026-05-26 18:58:53"
"components\cat-2\c2-q-publishing-adapter-family\output-samples\error-not-approved.json","COMPONENT_LOCAL_DOC_OR_ARTIFACT","KEEP_LOCAL","Component-local README, workflow, payload, or output sample.","612","2026-05-26 18:58:53"
"components\cat-2\c2-q-publishing-adapter-family\output-samples\error-platform-not-allowed.json","COMPONENT_LOCAL_DOC_OR_ARTIFACT","KEEP_LOCAL","Component-local README, workflow, payload, or output sample.","772","2026-05-26 18:58:53"
"components\cat-2\c2-q-publishing-adapter-family\output-samples\error-publishing-not-requested.json","COMPONENT_LOCAL_DOC_OR_ARTIFACT","KEEP_LOCAL","Component-local README, workflow, payload, or output sample.","591","2026-05-26 18:58:53"
"components\cat-2\c2-q-publishing-adapter-family\output-samples\error-upstream-action-failed.json","COMPONENT_LOCAL_DOC_OR_ARTIFACT","KEEP_LOCAL","Component-local README, workflow, payload, or output sample.","688","2026-05-26 18:58:53"
"components\cat-2\c2-q-publishing-adapter-family\output-samples\success-linkedin-post.json","COMPONENT_LOCAL_DOC_OR_ARTIFACT","KEEP_LOCAL","Component-local README, workflow, payload, or output sample.","2521","2026-05-26 18:58:53"
"components\cat-2\c2-q-publishing-adapter-family\output-samples\success-manual-publish.json","COMPONENT_LOCAL_DOC_OR_ARTIFACT","KEEP_LOCAL","Component-local README, workflow, payload, or output sample.","1808","2026-05-26 18:58:53"
"components\cat-2\c2-q-publishing-adapter-family\output-samples\success-webflow-cms.json","COMPONENT_LOCAL_DOC_OR_ARTIFACT","KEEP_LOCAL","Component-local README, workflow, payload, or output sample.","2082","2026-05-26 18:58:53"
"components\cat-2\c2-q-publishing-adapter-family\output-samples\success-wordpress-blog.json","COMPONENT_LOCAL_DOC_OR_ARTIFACT","KEEP_LOCAL","Component-local README, workflow, payload, or output sample.","2548","2026-05-26 18:58:53"
"components\cat-2\c2-q-publishing-adapter-family\output-samples\success-x-twitter-post.json","COMPONENT_LOCAL_DOC_OR_ARTIFACT","KEEP_LOCAL","Component-local README, workflow, payload, or output sample.","1954","2026-05-26 18:58:53"
"components\cat-2\c2-q-publishing-adapter-family\test-payloads\linkedin-post.valid.json","COMPONENT_LOCAL_DOC_OR_ARTIFACT","KEEP_LOCAL","Component-local README, workflow, payload, or output sample.","1521","2026-05-26 18:44:28"
"components\cat-2\c2-q-publishing-adapter-family\test-payloads\manual-publish.valid.json","COMPONENT_LOCAL_DOC_OR_ARTIFACT","KEEP_LOCAL","Component-local README, workflow, payload, or output sample.","1149","2026-05-26 18:44:28"
"components\cat-2\c2-q-publishing-adapter-family\test-payloads\missing-body.invalid.json","COMPONENT_LOCAL_DOC_OR_ARTIFACT","KEEP_LOCAL","Component-local README, workflow, payload, or output sample.","580","2026-05-26 18:44:28"
"components\cat-2\c2-q-publishing-adapter-family\test-payloads\missing-platform.invalid.json","COMPONENT_LOCAL_DOC_OR_ARTIFACT","KEEP_LOCAL","Component-local README, workflow, payload, or output sample.","578","2026-05-26 18:44:28"
"components\cat-2\c2-q-publishing-adapter-family\test-payloads\not-approved.invalid.json","COMPONENT_LOCAL_DOC_OR_ARTIFACT","KEEP_LOCAL","Component-local README, workflow, payload, or output sample.","603","2026-05-26 18:44:28"
"components\cat-2\c2-q-publishing-adapter-family\test-payloads\platform-not-allowed.invalid.json","COMPONENT_LOCAL_DOC_OR_ARTIFACT","KEEP_LOCAL","Component-local README, workflow, payload, or output sample.","697","2026-05-26 18:44:28"
"components\cat-2\c2-q-publishing-adapter-family\test-payloads\publishing-not-requested.invalid.json","COMPONENT_LOCAL_DOC_OR_ARTIFACT","KEEP_LOCAL","Component-local README, workflow, payload, or output sample.","598","2026-05-26 18:44:28"
"components\cat-2\c2-q-publishing-adapter-family\test-payloads\upstream-failed.invalid.json","COMPONENT_LOCAL_DOC_OR_ARTIFACT","KEEP_LOCAL","Component-local README, workflow, payload, or output sample.","607","2026-05-26 18:44:28"
"components\cat-2\c2-q-publishing-adapter-family\test-payloads\webflow-cms.valid.json","COMPONENT_LOCAL_DOC_OR_ARTIFACT","KEEP_LOCAL","Component-local README, workflow, payload, or output sample.","1431","2026-05-26 18:44:28"
"components\cat-2\c2-q-publishing-adapter-family\test-payloads\wordpress-blog.valid.json","COMPONENT_LOCAL_DOC_OR_ARTIFACT","KEEP_LOCAL","Component-local README, workflow, payload, or output sample.","1690","2026-05-26 18:44:28"
"components\cat-2\c2-q-publishing-adapter-family\test-payloads\x-twitter-post.valid.json","COMPONENT_LOCAL_DOC_OR_ARTIFACT","KEEP_LOCAL","Component-local README, workflow, payload, or output sample.","1304","2026-05-26 18:44:28"
"components\cat-2\c2-q-publishing-adapter-family\workflows\c2-q-core-publishing-adapter-family-v1.json","COMPONENT_LOCAL_DOC_OR_ARTIFACT","KEEP_LOCAL","Component-local README, workflow, payload, or output sample.","17195","2026-05-26 18:53:00"
"components\cat-3\c3-d-e-signature-flow\README.md","COMPONENT_LOCAL_DOC_OR_ARTIFACT","KEEP_LOCAL","Component-local README, workflow, payload, or output sample.","350","2026-05-25 21:39:26"
"components\cat-3\c3-e-document-invoice-generation\README.md","COMPONENT_LOCAL_DOC_OR_ARTIFACT","KEEP_LOCAL","Component-local README, workflow, payload, or output sample.","380","2026-05-25 21:39:26"
"components\cat-3\c3-f-delivery-tracking\README.md","COMPONENT_LOCAL_DOC_OR_ARTIFACT","KEEP_LOCAL","Component-local README, workflow, payload, or output sample.","357","2026-05-25 21:39:26"
"components\cat-3\c3-g-subscription-billing-engine\README.md","COMPONENT_LOCAL_DOC_OR_ARTIFACT","KEEP_LOCAL","Component-local README, workflow, payload, or output sample.","373","2026-05-25 21:39:26"
"components\cat-3\c3-h-payment-to-onboarding\README.md","COMPONENT_LOCAL_DOC_OR_ARTIFACT","KEEP_LOCAL","Component-local README, workflow, payload, or output sample.","384","2026-05-25 21:39:26"
"components\cat-3\c3-i-welcome-sequence\README.md","COMPONENT_LOCAL_DOC_OR_ARTIFACT","KEEP_LOCAL","Component-local README, workflow, payload, or output sample.","367","2026-05-25 21:39:26"
"components\cat-4\c4-a-ai-classification-pipeline\README.md","COMPONENT_LOCAL_DOC_OR_ARTIFACT","KEEP_LOCAL","Component-local README, workflow, payload, or output sample.","7416","2026-05-26 02:41:42"
"components\cat-4\c4-a-ai-classification-pipeline\output-samples\error-classification-not-requested.json","COMPONENT_LOCAL_DOC_OR_ARTIFACT","KEEP_LOCAL","Component-local README, workflow, payload, or output sample.","587","2026-05-26 02:42:34"
"components\cat-4\c4-a-ai-classification-pipeline\output-samples\error-missing-client-profile.json","COMPONENT_LOCAL_DOC_OR_ARTIFACT","KEEP_LOCAL","Component-local README, workflow, payload, or output sample.","586","2026-05-26 02:42:34"
"components\cat-4\c4-a-ai-classification-pipeline\output-samples\error-upstream-action-failed.json","COMPONENT_LOCAL_DOC_OR_ARTIFACT","KEEP_LOCAL","Component-local README, workflow, payload, or output sample.","670","2026-05-26 02:42:34"
"components\cat-4\c4-a-ai-classification-pipeline\output-samples\success-manual-review-classification.json","COMPONENT_LOCAL_DOC_OR_ARTIFACT","KEEP_LOCAL","Component-local README, workflow, payload, or output sample.","2019","2026-05-26 02:42:34"
"components\cat-4\c4-a-ai-classification-pipeline\output-samples\success-qualified-lead-classification.json","COMPONENT_LOCAL_DOC_OR_ARTIFACT","KEEP_LOCAL","Component-local README, workflow, payload, or output sample.","2126","2026-05-26 02:42:34"
"components\cat-4\c4-a-ai-classification-pipeline\output-samples\success-spam-classification.json","COMPONENT_LOCAL_DOC_OR_ARTIFACT","KEEP_LOCAL","Component-local README, workflow, payload, or output sample.","2000","2026-05-26 02:42:34"
"components\cat-4\c4-a-ai-classification-pipeline\output-samples\success-support-request-classification.json","COMPONENT_LOCAL_DOC_OR_ARTIFACT","KEEP_LOCAL","Component-local README, workflow, payload, or output sample.","2148","2026-05-26 02:42:34"
"components\cat-4\c4-a-ai-classification-pipeline\test-payloads\classification-not-requested.invalid.json","COMPONENT_LOCAL_DOC_OR_ARTIFACT","KEEP_LOCAL","Component-local README, workflow, payload, or output sample.","932","2026-05-26 02:24:10"
"components\cat-4\c4-a-ai-classification-pipeline\test-payloads\manual-review-classification.valid.json","COMPONENT_LOCAL_DOC_OR_ARTIFACT","KEEP_LOCAL","Component-local README, workflow, payload, or output sample.","2023","2026-05-26 02:24:10"
"components\cat-4\c4-a-ai-classification-pipeline\test-payloads\missing-client-profile.invalid.json","COMPONENT_LOCAL_DOC_OR_ARTIFACT","KEEP_LOCAL","Component-local README, workflow, payload, or output sample.","792","2026-05-26 02:24:10"
"components\cat-4\c4-a-ai-classification-pipeline\test-payloads\qualified-lead-classification.valid.json","COMPONENT_LOCAL_DOC_OR_ARTIFACT","KEEP_LOCAL","Component-local README, workflow, payload, or output sample.","2440","2026-05-26 02:24:10"
"components\cat-4\c4-a-ai-classification-pipeline\test-payloads\spam-classification.valid.json","COMPONENT_LOCAL_DOC_OR_ARTIFACT","KEEP_LOCAL","Component-local README, workflow, payload, or output sample.","1882","2026-05-26 02:24:10"
"components\cat-4\c4-a-ai-classification-pipeline\test-payloads\support-request-classification.valid.json","COMPONENT_LOCAL_DOC_OR_ARTIFACT","KEEP_LOCAL","Component-local README, workflow, payload, or output sample.","1986","2026-05-26 02:24:10"
"components\cat-4\c4-a-ai-classification-pipeline\test-payloads\upstream-failed.invalid.json","COMPONENT_LOCAL_DOC_OR_ARTIFACT","KEEP_LOCAL","Component-local README, workflow, payload, or output sample.","957","2026-05-26 02:24:10"
"components\cat-4\c4-a-ai-classification-pipeline\workflows\c4-a-core-ai-classification-pipeline-v1.json","COMPONENT_LOCAL_DOC_OR_ARTIFACT","KEEP_LOCAL","Component-local README, workflow, payload, or output sample.","24212","2026-05-26 02:39:11"
"components\cat-4\c4-b-ai-extraction-parser\README.md","COMPONENT_LOCAL_DOC_OR_ARTIFACT","KEEP_LOCAL","Component-local README, workflow, payload, or output sample.","7308","2026-05-26 12:17:08"
"components\cat-4\c4-b-ai-extraction-parser\output-samples\error-extraction-not-requested.json","COMPONENT_LOCAL_DOC_OR_ARTIFACT","KEEP_LOCAL","Component-local README, workflow, payload, or output sample.","579","2026-05-26 12:17:41"
"components\cat-4\c4-b-ai-extraction-parser\output-samples\error-missing-client-profile.json","COMPONENT_LOCAL_DOC_OR_ARTIFACT","KEEP_LOCAL","Component-local README, workflow, payload, or output sample.","582","2026-05-26 12:17:41"
"components\cat-4\c4-b-ai-extraction-parser\output-samples\error-missing-raw-text.json","COMPONENT_LOCAL_DOC_OR_ARTIFACT","KEEP_LOCAL","Component-local README, workflow, payload, or output sample.","584","2026-05-26 12:17:41"
"components\cat-4\c4-b-ai-extraction-parser\output-samples\error-upstream-action-failed.json","COMPONENT_LOCAL_DOC_OR_ARTIFACT","KEEP_LOCAL","Component-local README, workflow, payload, or output sample.","669","2026-05-26 12:17:41"
"components\cat-4\c4-b-ai-extraction-parser\output-samples\success-inbound-lead-text.json","COMPONENT_LOCAL_DOC_OR_ARTIFACT","KEEP_LOCAL","Component-local README, workflow, payload, or output sample.","2596","2026-05-26 12:17:41"
"components\cat-4\c4-b-ai-extraction-parser\output-samples\success-missing-required-fields.json","COMPONENT_LOCAL_DOC_OR_ARTIFACT","KEEP_LOCAL","Component-local README, workflow, payload, or output sample.","2357","2026-05-26 12:17:41"
"components\cat-4\c4-b-ai-extraction-parser\output-samples\success-support-text.json","COMPONENT_LOCAL_DOC_OR_ARTIFACT","KEEP_LOCAL","Component-local README, workflow, payload, or output sample.","2283","2026-05-26 12:17:41"
"components\cat-4\c4-b-ai-extraction-parser\test-payloads\extraction-not-requested.invalid.json","COMPONENT_LOCAL_DOC_OR_ARTIFACT","KEEP_LOCAL","Component-local README, workflow, payload, or output sample.","797","2026-05-26 11:56:24"
"components\cat-4\c4-b-ai-extraction-parser\test-payloads\inbound-lead-text.valid.json","COMPONENT_LOCAL_DOC_OR_ARTIFACT","KEEP_LOCAL","Component-local README, workflow, payload, or output sample.","1959","2026-05-26 11:56:24"
"components\cat-4\c4-b-ai-extraction-parser\test-payloads\missing-client-profile.invalid.json","COMPONENT_LOCAL_DOC_OR_ARTIFACT","KEEP_LOCAL","Component-local README, workflow, payload, or output sample.","609","2026-05-26 11:56:24"
"components\cat-4\c4-b-ai-extraction-parser\test-payloads\missing-raw-text.invalid.json","COMPONENT_LOCAL_DOC_OR_ARTIFACT","KEEP_LOCAL","Component-local README, workflow, payload, or output sample.","787","2026-05-26 11:56:24"
"components\cat-4\c4-b-ai-extraction-parser\test-payloads\missing-required-fields.valid.json","COMPONENT_LOCAL_DOC_OR_ARTIFACT","KEEP_LOCAL","Component-local README, workflow, payload, or output sample.","1570","2026-05-26 11:56:24"
"components\cat-4\c4-b-ai-extraction-parser\test-payloads\support-text.valid.json","COMPONENT_LOCAL_DOC_OR_ARTIFACT","KEEP_LOCAL","Component-local README, workflow, payload, or output sample.","1640","2026-05-26 11:56:24"
"components\cat-4\c4-b-ai-extraction-parser\test-payloads\upstream-failed.invalid.json","COMPONENT_LOCAL_DOC_OR_ARTIFACT","KEEP_LOCAL","Component-local README, workflow, payload, or output sample.","889","2026-05-26 11:56:24"
"components\cat-4\c4-b-ai-extraction-parser\workflows\c4-b-core-ai-extraction-parser-v1.json","COMPONENT_LOCAL_DOC_OR_ARTIFACT","KEEP_LOCAL","Component-local README, workflow, payload, or output sample.","24490","2026-05-26 12:15:12"
"components\cat-4\c4-c-ai-summary-generator\README.md","COMPONENT_LOCAL_DOC_OR_ARTIFACT","KEEP_LOCAL","Component-local README, workflow, payload, or output sample.","366","2026-05-25 20:19:29"
"components\cat-4\c4-d-ai-content-generation-pipeline\README.md","COMPONENT_LOCAL_DOC_OR_ARTIFACT","KEEP_LOCAL","Component-local README, workflow, payload, or output sample.","7488","2026-05-26 14:10:53"
"components\cat-4\c4-d-ai-content-generation-pipeline\output-samples\error-content-generation-not-requested.json","COMPONENT_LOCAL_DOC_OR_ARTIFACT","KEEP_LOCAL","Component-local README, workflow, payload, or output sample.","569","2026-05-26 14:11:29"
"components\cat-4\c4-d-ai-content-generation-pipeline\output-samples\error-missing-client-profile.json","COMPONENT_LOCAL_DOC_OR_ARTIFACT","KEEP_LOCAL","Component-local README, workflow, payload, or output sample.","560","2026-05-26 14:11:29"
"components\cat-4\c4-d-ai-content-generation-pipeline\output-samples\error-missing-content-brief.json","COMPONENT_LOCAL_DOC_OR_ARTIFACT","KEEP_LOCAL","Component-local README, workflow, payload, or output sample.","572","2026-05-26 14:11:29"
"components\cat-4\c4-d-ai-content-generation-pipeline\output-samples\error-upstream-action-failed.json","COMPONENT_LOCAL_DOC_OR_ARTIFACT","KEEP_LOCAL","Component-local README, workflow, payload, or output sample.","644","2026-05-26 14:11:29"
"components\cat-4\c4-d-ai-content-generation-pipeline\output-samples\success-blog-draft.json","COMPONENT_LOCAL_DOC_OR_ARTIFACT","KEEP_LOCAL","Component-local README, workflow, payload, or output sample.","3089","2026-05-26 14:11:29"
"components\cat-4\c4-d-ai-content-generation-pipeline\output-samples\success-linkedin-post.json","COMPONENT_LOCAL_DOC_OR_ARTIFACT","KEEP_LOCAL","Component-local README, workflow, payload, or output sample.","2790","2026-05-26 14:11:29"
"components\cat-4\c4-d-ai-content-generation-pipeline\output-samples\success-risky-ad-copy.json","COMPONENT_LOCAL_DOC_OR_ARTIFACT","KEEP_LOCAL","Component-local README, workflow, payload, or output sample.","2514","2026-05-26 14:11:29"
"components\cat-4\c4-d-ai-content-generation-pipeline\test-payloads\blog-draft.valid.json","COMPONENT_LOCAL_DOC_OR_ARTIFACT","KEEP_LOCAL","Component-local README, workflow, payload, or output sample.","2977","2026-05-26 12:49:36"
"components\cat-4\c4-d-ai-content-generation-pipeline\test-payloads\content-generation-not-requested.invalid.json","COMPONENT_LOCAL_DOC_OR_ARTIFACT","KEEP_LOCAL","Component-local README, workflow, payload, or output sample.","861","2026-05-26 12:49:36"
"components\cat-4\c4-d-ai-content-generation-pipeline\test-payloads\linkedin-post.valid.json","COMPONENT_LOCAL_DOC_OR_ARTIFACT","KEEP_LOCAL","Component-local README, workflow, payload, or output sample.","3588","2026-05-26 12:49:36"
"components\cat-4\c4-d-ai-content-generation-pipeline\test-payloads\missing-client-profile.invalid.json","COMPONENT_LOCAL_DOC_OR_ARTIFACT","KEEP_LOCAL","Component-local README, workflow, payload, or output sample.","732","2026-05-26 12:49:36"
"components\cat-4\c4-d-ai-content-generation-pipeline\test-payloads\missing-content-brief.invalid.json","COMPONENT_LOCAL_DOC_OR_ARTIFACT","KEEP_LOCAL","Component-local README, workflow, payload, or output sample.","917","2026-05-26 12:49:36"
"components\cat-4\c4-d-ai-content-generation-pipeline\test-payloads\risky-ad-copy.valid.json","COMPONENT_LOCAL_DOC_OR_ARTIFACT","KEEP_LOCAL","Component-local README, workflow, payload, or output sample.","2213","2026-05-26 12:49:36"
"components\cat-4\c4-d-ai-content-generation-pipeline\test-payloads\upstream-failed.invalid.json","COMPONENT_LOCAL_DOC_OR_ARTIFACT","KEEP_LOCAL","Component-local README, workflow, payload, or output sample.","954","2026-05-26 12:49:36"
"components\cat-4\c4-d-ai-content-generation-pipeline\workflows\c4-d-core-ai-content-generation-pipeline-v1.json","COMPONENT_LOCAL_DOC_OR_ARTIFACT","KEEP_LOCAL","Component-local README, workflow, payload, or output sample.","25183","2026-05-26 14:08:14"
"components\cat-4\c4-e-ai-email-draft-generator\README.md","COMPONENT_LOCAL_DOC_OR_ARTIFACT","KEEP_LOCAL","Component-local README, workflow, payload, or output sample.","6151","2026-05-25 23:44:29"
"components\cat-4\c4-e-ai-email-draft-generator\output-samples\error-email-draft-not-requested.json","COMPONENT_LOCAL_DOC_OR_ARTIFACT","KEEP_LOCAL","Component-local README, workflow, payload, or output sample.","546","2026-05-25 23:44:56"
"components\cat-4\c4-e-ai-email-draft-generator\output-samples\error-missing-client-profile.json","COMPONENT_LOCAL_DOC_OR_ARTIFACT","KEEP_LOCAL","Component-local README, workflow, payload, or output sample.","548","2026-05-25 23:44:56"
"components\cat-4\c4-e-ai-email-draft-generator\output-samples\error-missing-llm-config.json","COMPONENT_LOCAL_DOC_OR_ARTIFACT","KEEP_LOCAL","Component-local README, workflow, payload, or output sample.","519","2026-05-25 23:44:56"
"components\cat-4\c4-e-ai-email-draft-generator\output-samples\error-upstream-action-failed.json","COMPONENT_LOCAL_DOC_OR_ARTIFACT","KEEP_LOCAL","Component-local README, workflow, payload, or output sample.","632","2026-05-25 23:44:56"
"components\cat-4\c4-e-ai-email-draft-generator\output-samples\success-first-response-email.json","COMPONENT_LOCAL_DOC_OR_ARTIFACT","KEEP_LOCAL","Component-local README, workflow, payload, or output sample.","2341","2026-05-25 23:44:56"
"components\cat-4\c4-e-ai-email-draft-generator\output-samples\success-follow-up-email.json","COMPONENT_LOCAL_DOC_OR_ARTIFACT","KEEP_LOCAL","Component-local README, workflow, payload, or output sample.","2348","2026-05-25 23:44:56"
"components\cat-4\c4-e-ai-email-draft-generator\test-payloads\email-draft-not-requested.invalid.json","COMPONENT_LOCAL_DOC_OR_ARTIFACT","KEEP_LOCAL","Component-local README, workflow, payload, or output sample.","779","2026-05-25 23:21:45"
"components\cat-4\c4-e-ai-email-draft-generator\test-payloads\first-response-email.valid.json","COMPONENT_LOCAL_DOC_OR_ARTIFACT","KEEP_LOCAL","Component-local README, workflow, payload, or output sample.","4013","2026-05-25 23:21:45"
"components\cat-4\c4-e-ai-email-draft-generator\test-payloads\follow-up-email.valid.json","COMPONENT_LOCAL_DOC_OR_ARTIFACT","KEEP_LOCAL","Component-local README, workflow, payload, or output sample.","2482","2026-05-25 23:21:45"
"components\cat-4\c4-e-ai-email-draft-generator\test-payloads\missing-client-profile.invalid.json","COMPONENT_LOCAL_DOC_OR_ARTIFACT","KEEP_LOCAL","Component-local README, workflow, payload, or output sample.","760","2026-05-25 23:21:45"
"components\cat-4\c4-e-ai-email-draft-generator\test-payloads\missing-llm-config.invalid.json","COMPONENT_LOCAL_DOC_OR_ARTIFACT","KEEP_LOCAL","Component-local README, workflow, payload, or output sample.","775","2026-05-25 23:21:45"
"components\cat-4\c4-e-ai-email-draft-generator\test-payloads\upstream-failed.invalid.json","COMPONENT_LOCAL_DOC_OR_ARTIFACT","KEEP_LOCAL","Component-local README, workflow, payload, or output sample.","797","2026-05-25 23:21:45"
"components\cat-4\c4-e-ai-email-draft-generator\workflows\c4-e-core-ai-email-draft-generator-v1.json","COMPONENT_LOCAL_DOC_OR_ARTIFACT","KEEP_LOCAL","Component-local README, workflow, payload, or output sample.","18701","2026-05-25 23:41:01"
"components\cat-4\c4-f-ai-content-repurpose-engine\README.md","COMPONENT_LOCAL_DOC_OR_ARTIFACT","KEEP_LOCAL","Component-local README, workflow, payload, or output sample.","358","2026-05-25 20:19:29"
"components\cat-4\c4-l-lead-qualification-pipeline\README.md","COMPONENT_LOCAL_DOC_OR_ARTIFACT","KEEP_LOCAL","Component-local README, workflow, payload, or output sample.","6622","2026-05-26 00:52:08"
"components\cat-4\c4-l-lead-qualification-pipeline\output-samples\error-missing-client-profile.json","COMPONENT_LOCAL_DOC_OR_ARTIFACT","KEEP_LOCAL","Component-local README, workflow, payload, or output sample.","580","2026-05-26 00:59:44"
"components\cat-4\c4-l-lead-qualification-pipeline\output-samples\error-qualification-not-requested.json","COMPONENT_LOCAL_DOC_OR_ARTIFACT","KEEP_LOCAL","Component-local README, workflow, payload, or output sample.","580","2026-05-26 00:59:44"
"components\cat-4\c4-l-lead-qualification-pipeline\output-samples\error-upstream-action-failed.json","COMPONENT_LOCAL_DOC_OR_ARTIFACT","KEEP_LOCAL","Component-local README, workflow, payload, or output sample.","690","2026-05-26 00:59:44"
"components\cat-4\c4-l-lead-qualification-pipeline\output-samples\success-manual-review-duplicate.json","COMPONENT_LOCAL_DOC_OR_ARTIFACT","KEEP_LOCAL","Component-local README, workflow, payload, or output sample.","1821","2026-05-26 00:59:44"
"components\cat-4\c4-l-lead-qualification-pipeline\output-samples\success-possible-fit-lead.json","COMPONENT_LOCAL_DOC_OR_ARTIFACT","KEEP_LOCAL","Component-local README, workflow, payload, or output sample.","1029","2026-05-26 00:59:44"
"components\cat-4\c4-l-lead-qualification-pipeline\output-samples\success-qualified-lead.json","COMPONENT_LOCAL_DOC_OR_ARTIFACT","KEEP_LOCAL","Component-local README, workflow, payload, or output sample.","1983","2026-05-26 00:59:44"
"components\cat-4\c4-l-lead-qualification-pipeline\output-samples\success-unqualified-lead.json","COMPONENT_LOCAL_DOC_OR_ARTIFACT","KEEP_LOCAL","Component-local README, workflow, payload, or output sample.","1057","2026-05-26 00:59:44"
"components\cat-4\c4-l-lead-qualification-pipeline\test-payloads\manual-review-duplicate.valid.json","COMPONENT_LOCAL_DOC_OR_ARTIFACT","KEEP_LOCAL","Component-local README, workflow, payload, or output sample.","1348","2026-05-26 00:31:05"
"components\cat-4\c4-l-lead-qualification-pipeline\test-payloads\missing-client-profile.invalid.json","COMPONENT_LOCAL_DOC_OR_ARTIFACT","KEEP_LOCAL","Component-local README, workflow, payload, or output sample.","715","2026-05-26 00:31:05"
"components\cat-4\c4-l-lead-qualification-pipeline\test-payloads\possible-fit-lead.valid.json","COMPONENT_LOCAL_DOC_OR_ARTIFACT","KEEP_LOCAL","Component-local README, workflow, payload, or output sample.","2536","2026-05-26 00:31:05"
"components\cat-4\c4-l-lead-qualification-pipeline\test-payloads\qualification-not-requested.invalid.json","COMPONENT_LOCAL_DOC_OR_ARTIFACT","KEEP_LOCAL","Component-local README, workflow, payload, or output sample.","861","2026-05-26 00:31:05"
"components\cat-4\c4-l-lead-qualification-pipeline\test-payloads\qualified-lead.valid.json","COMPONENT_LOCAL_DOC_OR_ARTIFACT","KEEP_LOCAL","Component-local README, workflow, payload, or output sample.","2731","2026-05-26 00:31:05"
"components\cat-4\c4-l-lead-qualification-pipeline\test-payloads\unqualified-lead.valid.json","COMPONENT_LOCAL_DOC_OR_ARTIFACT","KEEP_LOCAL","Component-local README, workflow, payload, or output sample.","2316","2026-05-26 00:31:05"
"components\cat-4\c4-l-lead-qualification-pipeline\test-payloads\upstream-failed.invalid.json","COMPONENT_LOCAL_DOC_OR_ARTIFACT","KEEP_LOCAL","Component-local README, workflow, payload, or output sample.","897","2026-05-26 00:31:05"
"components\cat-4\c4-l-lead-qualification-pipeline\workflows\c4-l-core-lead-qualification-pipeline-v1.json","COMPONENT_LOCAL_DOC_OR_ARTIFACT","KEEP_LOCAL","Component-local README, workflow, payload, or output sample.","21520","2026-05-26 00:48:56"
"components\cat-4\c4-m-ai-draft-approval-pipeline\README.md","COMPONENT_LOCAL_DOC_OR_ARTIFACT","KEEP_LOCAL","Component-local README, workflow, payload, or output sample.","5366","2026-05-25 20:59:34"
"components\cat-4\c4-m-ai-draft-approval-pipeline\output-samples\error-ai-failed.json","COMPONENT_LOCAL_DOC_OR_ARTIFACT","KEEP_LOCAL","Component-local README, workflow, payload, or output sample.","638","2026-05-25 21:00:43"
"components\cat-4\c4-m-ai-draft-approval-pipeline\output-samples\error-missing-ai-result.json","COMPONENT_LOCAL_DOC_OR_ARTIFACT","KEEP_LOCAL","Component-local README, workflow, payload, or output sample.","503","2026-05-25 21:00:43"
"components\cat-4\c4-m-ai-draft-approval-pipeline\output-samples\error-missing-reviewer.json","COMPONENT_LOCAL_DOC_OR_ARTIFACT","KEEP_LOCAL","Component-local README, workflow, payload, or output sample.","512","2026-05-25 21:00:43"
"components\cat-4\c4-m-ai-draft-approval-pipeline\output-samples\success-blog-draft-approval.json","COMPONENT_LOCAL_DOC_OR_ARTIFACT","KEEP_LOCAL","Component-local README, workflow, payload, or output sample.","3566","2026-05-25 21:00:43"
"components\cat-4\c4-m-ai-draft-approval-pipeline\output-samples\success-email-draft-approval.json","COMPONENT_LOCAL_DOC_OR_ARTIFACT","KEEP_LOCAL","Component-local README, workflow, payload, or output sample.","3628","2026-05-25 21:00:43"
"components\cat-4\c4-m-ai-draft-approval-pipeline\test-payloads\ai-failed.invalid.json","COMPONENT_LOCAL_DOC_OR_ARTIFACT","KEEP_LOCAL","Component-local README, workflow, payload, or output sample.","990","2026-05-25 20:21:34"
"components\cat-4\c4-m-ai-draft-approval-pipeline\test-payloads\blog-draft-approval.valid.json","COMPONENT_LOCAL_DOC_OR_ARTIFACT","KEEP_LOCAL","Component-local README, workflow, payload, or output sample.","2205","2026-05-25 20:21:34"
"components\cat-4\c4-m-ai-draft-approval-pipeline\test-payloads\email-draft-approval.valid.json","COMPONENT_LOCAL_DOC_OR_ARTIFACT","KEEP_LOCAL","Component-local README, workflow, payload, or output sample.","2403","2026-05-25 20:21:34"
"components\cat-4\c4-m-ai-draft-approval-pipeline\test-payloads\missing-ai-result.invalid.json","COMPONENT_LOCAL_DOC_OR_ARTIFACT","KEEP_LOCAL","Component-local README, workflow, payload, or output sample.","676","2026-05-25 20:21:34"
"components\cat-4\c4-m-ai-draft-approval-pipeline\test-payloads\missing-reviewer.invalid.json","COMPONENT_LOCAL_DOC_OR_ARTIFACT","KEEP_LOCAL","Component-local README, workflow, payload, or output sample.","1036","2026-05-25 20:21:34"
"components\cat-4\c4-m-ai-draft-approval-pipeline\workflows\c4-m-core-ai-draft-approval-pipeline-v1.json","COMPONENT_LOCAL_DOC_OR_ARTIFACT","KEEP_LOCAL","Component-local README, workflow, payload, or output sample.","12191","2026-05-25 20:57:35"
"components\cat-4\c4-t-ocr-document-processing-pipeline\README.md","COMPONENT_LOCAL_DOC_OR_ARTIFACT","KEEP_LOCAL","Component-local README, workflow, payload, or output sample.","6394","2026-05-26 19:31:03"
"components\cat-4\c4-t-ocr-document-processing-pipeline\output-samples\error-document-processing-not-requested.json","COMPONENT_LOCAL_DOC_OR_ARTIFACT","KEEP_LOCAL","Component-local README, workflow, payload, or output sample.","618","2026-05-26 19:31:50"
"components\cat-4\c4-t-ocr-document-processing-pipeline\output-samples\error-missing-file.json","COMPONENT_LOCAL_DOC_OR_ARTIFACT","KEEP_LOCAL","Component-local README, workflow, payload, or output sample.","582","2026-05-26 19:31:50"
"components\cat-4\c4-t-ocr-document-processing-pipeline\output-samples\error-oversized-file.json","COMPONENT_LOCAL_DOC_OR_ARTIFACT","KEEP_LOCAL","Component-local README, workflow, payload, or output sample.","743","2026-05-26 19:31:50"
"components\cat-4\c4-t-ocr-document-processing-pipeline\output-samples\error-unsupported-extension.json","COMPONENT_LOCAL_DOC_OR_ARTIFACT","KEEP_LOCAL","Component-local README, workflow, payload, or output sample.","794","2026-05-26 19:31:50"
"components\cat-4\c4-t-ocr-document-processing-pipeline\output-samples\error-upstream-action-failed.json","COMPONENT_LOCAL_DOC_OR_ARTIFACT","KEEP_LOCAL","Component-local README, workflow, payload, or output sample.","688","2026-05-26 19:31:50"
"components\cat-4\c4-t-ocr-document-processing-pipeline\output-samples\success-image-receipt-ocr.json","COMPONENT_LOCAL_DOC_OR_ARTIFACT","KEEP_LOCAL","Component-local README, workflow, payload, or output sample.","1967","2026-05-26 19:31:50"
"components\cat-4\c4-t-ocr-document-processing-pipeline\output-samples\success-pdf-needs-ocr.json","COMPONENT_LOCAL_DOC_OR_ARTIFACT","KEEP_LOCAL","Component-local README, workflow, payload, or output sample.","2149","2026-05-26 19:31:50"
"components\cat-4\c4-t-ocr-document-processing-pipeline\output-samples\success-pdf-text-ready.json","COMPONENT_LOCAL_DOC_OR_ARTIFACT","KEEP_LOCAL","Component-local README, workflow, payload, or output sample.","2111","2026-05-26 19:31:50"
"components\cat-4\c4-t-ocr-document-processing-pipeline\output-samples\success-txt-ready.json","COMPONENT_LOCAL_DOC_OR_ARTIFACT","KEEP_LOCAL","Component-local README, workflow, payload, or output sample.","2053","2026-05-26 19:31:50"
"components\cat-4\c4-t-ocr-document-processing-pipeline\test-payloads\document-processing-not-requested.invalid.json","COMPONENT_LOCAL_DOC_OR_ARTIFACT","KEEP_LOCAL","Component-local README, workflow, payload, or output sample.","649","2026-05-26 19:18:08"
"components\cat-4\c4-t-ocr-document-processing-pipeline\test-payloads\image-receipt-ocr.valid.json","COMPONENT_LOCAL_DOC_OR_ARTIFACT","KEEP_LOCAL","Component-local README, workflow, payload, or output sample.","1422","2026-05-26 19:18:08"
"components\cat-4\c4-t-ocr-document-processing-pipeline\test-payloads\missing-file.invalid.json","COMPONENT_LOCAL_DOC_OR_ARTIFACT","KEEP_LOCAL","Component-local README, workflow, payload, or output sample.","536","2026-05-26 19:18:08"
"components\cat-4\c4-t-ocr-document-processing-pipeline\test-payloads\oversized-file.invalid.json","COMPONENT_LOCAL_DOC_OR_ARTIFACT","KEEP_LOCAL","Component-local README, workflow, payload, or output sample.","1029","2026-05-26 19:18:08"
"components\cat-4\c4-t-ocr-document-processing-pipeline\test-payloads\pdf-needs-ocr.valid.json","COMPONENT_LOCAL_DOC_OR_ARTIFACT","KEEP_LOCAL","Component-local README, workflow, payload, or output sample.","1438","2026-05-26 19:18:08"
"components\cat-4\c4-t-ocr-document-processing-pipeline\test-payloads\pdf-text-ready.valid.json","COMPONENT_LOCAL_DOC_OR_ARTIFACT","KEEP_LOCAL","Component-local README, workflow, payload, or output sample.","1627","2026-05-26 19:18:08"
"components\cat-4\c4-t-ocr-document-processing-pipeline\test-payloads\txt-ready.valid.json","COMPONENT_LOCAL_DOC_OR_ARTIFACT","KEEP_LOCAL","Component-local README, workflow, payload, or output sample.","1577","2026-05-26 19:18:08"
"components\cat-4\c4-t-ocr-document-processing-pipeline\test-payloads\unsupported-extension.invalid.json","COMPONENT_LOCAL_DOC_OR_ARTIFACT","KEEP_LOCAL","Component-local README, workflow, payload, or output sample.","1019","2026-05-26 19:18:08"
"components\cat-4\c4-t-ocr-document-processing-pipeline\test-payloads\upstream-failed.invalid.json","COMPONENT_LOCAL_DOC_OR_ARTIFACT","KEEP_LOCAL","Component-local README, workflow, payload, or output sample.","678","2026-05-26 19:18:08"
"components\cat-4\c4-t-ocr-document-processing-pipeline\workflows\c4-t-core-ocr-document-processing-pipeline-v1.json","COMPONENT_LOCAL_DOC_OR_ARTIFACT","KEEP_LOCAL","Component-local README, workflow, payload, or output sample.","17706","2026-05-26 19:26:03"
"components\cat-5\c5-a-basic-dashboard-view\README.md","COMPONENT_LOCAL_DOC_OR_ARTIFACT","KEEP_LOCAL","Component-local README, workflow, payload, or output sample.","357","2026-05-25 18:27:55"
"components\cat-5\c5-b-client-portal-table\README.md","COMPONENT_LOCAL_DOC_OR_ARTIFACT","KEEP_LOCAL","Component-local README, workflow, payload, or output sample.","370","2026-05-25 18:27:55"
"components\cat-5\c5-c-reporting-data-model\README.md","COMPONENT_LOCAL_DOC_OR_ARTIFACT","KEEP_LOCAL","Component-local README, workflow, payload, or output sample.","382","2026-05-25 18:27:55"
"components\cat-5\c5-d-kpi-summary-builder\README.md","COMPONENT_LOCAL_DOC_OR_ARTIFACT","KEEP_LOCAL","Component-local README, workflow, payload, or output sample.","359","2026-05-25 18:27:55"
"components\cat-5\c5-e-manual-review-queue\README.md","COMPONENT_LOCAL_DOC_OR_ARTIFACT","KEEP_LOCAL","Component-local README, workflow, payload, or output sample.","4779","2026-05-25 22:24:17"
"components\cat-5\c5-e-manual-review-queue\output-samples\error-review-not-requested.json","COMPONENT_LOCAL_DOC_OR_ARTIFACT","KEEP_LOCAL","Component-local README, workflow, payload, or output sample.","565","2026-05-25 22:24:55"
"components\cat-5\c5-e-manual-review-queue\output-samples\error-upstream-action-failed.json","COMPONENT_LOCAL_DOC_OR_ARTIFACT","KEEP_LOCAL","Component-local README, workflow, payload, or output sample.","653","2026-05-25 22:24:55"
"components\cat-5\c5-e-manual-review-queue\output-samples\success-approval-review.json","COMPONENT_LOCAL_DOC_OR_ARTIFACT","KEEP_LOCAL","Component-local README, workflow, payload, or output sample.","1462","2026-05-25 22:24:55"
"components\cat-5\c5-e-manual-review-queue\output-samples\success-consent-review.json","COMPONENT_LOCAL_DOC_OR_ARTIFACT","KEEP_LOCAL","Component-local README, workflow, payload, or output sample.","1530","2026-05-25 22:24:55"
"components\cat-5\c5-e-manual-review-queue\output-samples\success-error-retry-review.json","COMPONENT_LOCAL_DOC_OR_ARTIFACT","KEEP_LOCAL","Component-local README, workflow, payload, or output sample.","1552","2026-05-25 22:24:55"
"components\cat-5\c5-e-manual-review-queue\output-samples\success-possible-duplicate-review.json","COMPONENT_LOCAL_DOC_OR_ARTIFACT","KEEP_LOCAL","Component-local README, workflow, payload, or output sample.","1537","2026-05-25 22:24:55"
"components\cat-5\c5-e-manual-review-queue\test-payloads\approval-review.valid.json","COMPONENT_LOCAL_DOC_OR_ARTIFACT","KEEP_LOCAL","Component-local README, workflow, payload, or output sample.","1069","2026-05-25 22:16:56"
"components\cat-5\c5-e-manual-review-queue\test-payloads\consent-review.valid.json","COMPONENT_LOCAL_DOC_OR_ARTIFACT","KEEP_LOCAL","Component-local README, workflow, payload, or output sample.","1019","2026-05-25 22:16:56"
"components\cat-5\c5-e-manual-review-queue\test-payloads\error-retry-review.valid.json","COMPONENT_LOCAL_DOC_OR_ARTIFACT","KEEP_LOCAL","Component-local README, workflow, payload, or output sample.","1123","2026-05-25 22:16:56"
"components\cat-5\c5-e-manual-review-queue\test-payloads\possible-duplicate-review.valid.json","COMPONENT_LOCAL_DOC_OR_ARTIFACT","KEEP_LOCAL","Component-local README, workflow, payload, or output sample.","1118","2026-05-25 22:16:56"
"components\cat-5\c5-e-manual-review-queue\test-payloads\review-not-requested.invalid.json","COMPONENT_LOCAL_DOC_OR_ARTIFACT","KEEP_LOCAL","Component-local README, workflow, payload, or output sample.","654","2026-05-25 22:16:56"
"components\cat-5\c5-e-manual-review-queue\test-payloads\upstream-failed.invalid.json","COMPONENT_LOCAL_DOC_OR_ARTIFACT","KEEP_LOCAL","Component-local README, workflow, payload, or output sample.","636","2026-05-25 22:16:56"
"components\cat-5\c5-e-manual-review-queue\workflows\c5-e-core-manual-review-queue-v1.json","COMPONENT_LOCAL_DOC_OR_ARTIFACT","KEEP_LOCAL","Component-local README, workflow, payload, or output sample.","12064","2026-05-25 22:21:50"
"components\cat-5\c5-l-file-preview\README.md","COMPONENT_LOCAL_DOC_OR_ARTIFACT","KEEP_LOCAL","Component-local README, workflow, payload, or output sample.","363","2026-05-25 21:39:26"
"components\cat-5\c5-t-export-reports\README.md","COMPONENT_LOCAL_DOC_OR_ARTIFACT","KEEP_LOCAL","Component-local README, workflow, payload, or output sample.","366","2026-05-25 21:39:26"
"components\cat-5\c5-w-automation-status-control-table\README.md","COMPONENT_LOCAL_DOC_OR_ARTIFACT","KEEP_LOCAL","Component-local README, workflow, payload, or output sample.","4755","2026-05-25 18:39:23"
"components\cat-5\c5-w-automation-status-control-table\output-samples\error-missing-input.json","COMPONENT_LOCAL_DOC_OR_ARTIFACT","KEEP_LOCAL","Component-local README, workflow, payload, or output sample.","321","2026-05-25 18:40:30"
"components\cat-5\c5-w-automation-status-control-table\output-samples\success-completed-lead-status.json","COMPONENT_LOCAL_DOC_OR_ARTIFACT","KEEP_LOCAL","Component-local README, workflow, payload, or output sample.","1405","2026-05-25 18:40:30"
"components\cat-5\c5-w-automation-status-control-table\output-samples\success-error-logged-status.json","COMPONENT_LOCAL_DOC_OR_ARTIFACT","KEEP_LOCAL","Component-local README, workflow, payload, or output sample.","1477","2026-05-25 18:40:30"
"components\cat-5\c5-w-automation-status-control-table\output-samples\success-manual-review-status.json","COMPONENT_LOCAL_DOC_OR_ARTIFACT","KEEP_LOCAL","Component-local README, workflow, payload, or output sample.","1385","2026-05-25 18:40:30"
"components\cat-5\c5-w-automation-status-control-table\output-samples\success-pending-approval-status.json","COMPONENT_LOCAL_DOC_OR_ARTIFACT","KEEP_LOCAL","Component-local README, workflow, payload, or output sample.","1509","2026-05-25 18:40:30"
"components\cat-5\c5-w-automation-status-control-table\test-payloads\completed-lead-status.valid.json","COMPONENT_LOCAL_DOC_OR_ARTIFACT","KEEP_LOCAL","Component-local README, workflow, payload, or output sample.","1003","2026-05-25 18:28:30"
"components\cat-5\c5-w-automation-status-control-table\test-payloads\error-logged-status.valid.json","COMPONENT_LOCAL_DOC_OR_ARTIFACT","KEEP_LOCAL","Component-local README, workflow, payload, or output sample.","1258","2026-05-25 18:28:30"
"components\cat-5\c5-w-automation-status-control-table\test-payloads\manual-review-status.valid.json","COMPONENT_LOCAL_DOC_OR_ARTIFACT","KEEP_LOCAL","Component-local README, workflow, payload, or output sample.","754","2026-05-25 18:28:30"
"components\cat-5\c5-w-automation-status-control-table\test-payloads\missing-input.invalid.json","COMPONENT_LOCAL_DOC_OR_ARTIFACT","KEEP_LOCAL","Component-local README, workflow, payload, or output sample.","142","2026-05-25 18:28:30"
"components\cat-5\c5-w-automation-status-control-table\test-payloads\pending-approval-status.valid.json","COMPONENT_LOCAL_DOC_OR_ARTIFACT","KEEP_LOCAL","Component-local README, workflow, payload, or output sample.","1202","2026-05-25 18:28:30"
"components\cat-5\c5-w-automation-status-control-table\workflows\c5-w-core-automation-status-control-table-v1.json","COMPONENT_LOCAL_DOC_OR_ARTIFACT","KEEP_LOCAL","Component-local README, workflow, payload, or output sample.","10425","2026-05-25 18:34:22"
"components\cat-5\c5-x-kpi-monitoring-threshold-alert-engine\README.md","COMPONENT_LOCAL_DOC_OR_ARTIFACT","KEEP_LOCAL","Component-local README, workflow, payload, or output sample.","396","2026-05-25 18:27:55"
"components\cat-6\c6-a-workflow-audit-checker\README.md","COMPONENT_LOCAL_DOC_OR_ARTIFACT","KEEP_LOCAL","Component-local README, workflow, payload, or output sample.","394","2026-05-25 16:51:36"
"components\cat-6\c6-b-error-pattern-library\README.md","COMPONENT_LOCAL_DOC_OR_ARTIFACT","KEEP_LOCAL","Component-local README, workflow, payload, or output sample.","374","2026-05-25 16:51:36"
"components\cat-6\c6-c-api-auth-debugger\README.md","COMPONENT_LOCAL_DOC_OR_ARTIFACT","KEEP_LOCAL","Component-local README, workflow, payload, or output sample.","378","2026-05-25 16:51:36"
"components\cat-6\c6-d-data-mapping-diagnostic\README.md","COMPONENT_LOCAL_DOC_OR_ARTIFACT","KEEP_LOCAL","Component-local README, workflow, payload, or output sample.","393","2026-05-25 16:51:36"
"components\cat-6\c6-e-integration-health-check\README.md","COMPONENT_LOCAL_DOC_OR_ARTIFACT","KEEP_LOCAL","Component-local README, workflow, payload, or output sample.","388","2026-05-25 16:51:37"
"components\cat-6\c6-f-handoff-documentation-pack\README.md","COMPONENT_LOCAL_DOC_OR_ARTIFACT","KEEP_LOCAL","Component-local README, workflow, payload, or output sample.","409","2026-05-25 16:51:37"
"components\cat-6\c6-g-error-log-retry-queue\README.md","COMPONENT_LOCAL_DOC_OR_ARTIFACT","KEEP_LOCAL","Component-local README, workflow, payload, or output sample.","4366","2026-05-25 17:53:36"
"components\cat-6\c6-g-error-log-retry-queue\output-samples\error-missing-source-error.json","COMPONENT_LOCAL_DOC_OR_ARTIFACT","KEEP_LOCAL","Component-local README, workflow, payload, or output sample.","764","2026-05-25 17:56:43"
"components\cat-6\c6-g-error-log-retry-queue\output-samples\error-source-not-failed.json","COMPONENT_LOCAL_DOC_OR_ARTIFACT","KEEP_LOCAL","Component-local README, workflow, payload, or output sample.","741","2026-05-25 17:56:43"
"components\cat-6\c6-g-error-log-retry-queue\output-samples\success-notification-error-log.json","COMPONENT_LOCAL_DOC_OR_ARTIFACT","KEEP_LOCAL","Component-local README, workflow, payload, or output sample.","1224","2026-05-25 17:56:43"
"components\cat-6\c6-g-error-log-retry-queue\output-samples\success-validation-error-log.json","COMPONENT_LOCAL_DOC_OR_ARTIFACT","KEEP_LOCAL","Component-local README, workflow, payload, or output sample.","1455","2026-05-25 17:56:43"
"components\cat-6\c6-g-error-log-retry-queue\output-samples\success-write-error-log.json","COMPONENT_LOCAL_DOC_OR_ARTIFACT","KEEP_LOCAL","Component-local README, workflow, payload, or output sample.","1267","2026-05-25 17:56:43"
"components\cat-6\c6-g-error-log-retry-queue\test-payloads\missing-error-object.invalid.json","COMPONENT_LOCAL_DOC_OR_ARTIFACT","KEEP_LOCAL","Component-local README, workflow, payload, or output sample.","598","2026-05-25 17:24:51"
"components\cat-6\c6-g-error-log-retry-queue\test-payloads\notification-failed.valid.json","COMPONENT_LOCAL_DOC_OR_ARTIFACT","KEEP_LOCAL","Component-local README, workflow, payload, or output sample.","1187","2026-05-25 17:24:51"
"components\cat-6\c6-g-error-log-retry-queue\test-payloads\success-input.invalid.json","COMPONENT_LOCAL_DOC_OR_ARTIFACT","KEEP_LOCAL","Component-local README, workflow, payload, or output sample.","581","2026-05-25 17:24:51"
"components\cat-6\c6-g-error-log-retry-queue\test-payloads\validation-failed.valid.json","COMPONENT_LOCAL_DOC_OR_ARTIFACT","KEEP_LOCAL","Component-local README, workflow, payload, or output sample.","1278","2026-05-25 17:24:51"
"components\cat-6\c6-g-error-log-retry-queue\test-payloads\write-failed.valid.json","COMPONENT_LOCAL_DOC_OR_ARTIFACT","KEEP_LOCAL","Component-local README, workflow, payload, or output sample.","1208","2026-05-25 17:24:51"
"components\cat-6\c6-g-error-log-retry-queue\workflows\c6-g-core-error-log-retry-queue-v1.json","COMPONENT_LOCAL_DOC_OR_ARTIFACT","KEEP_LOCAL","Component-local README, workflow, payload, or output sample.","9103","2026-05-25 17:41:04"
"docs\assembly-pipeline.md","ASSEMBLY_PIPELINE_DOC","KEEP_OR_MERGE_WITH_CFG006","May overlap with CFG-006 Template Config Generator.","12722","2026-05-25 14:41:36"
"docs\component-catalog.md","CANONICAL_COMPONENT_CATALOG","KEEP_CANONICAL","Human-readable component catalog/build record.","76493","2026-05-26 22:26:23"
"docs\component-readiness-matrix.md","READINESS_MATRIX_DOC","REVIEW_MERGE_OR_GENERATE","May overlap with classification summary and master classification.","13143","2026-05-26 22:09:39"
"docs\platform-architecture-classification.md","ARCHITECTURE_CLASSIFICATION_DOC","KEEP_CANONICAL_OR_MERGE","May be canonical classification model doc.","7753","2026-05-26 22:08:36"
"docs\universal-automation-roadmap.md","ROADMAP_DOC","REVIEW_UPDATE_CANONICAL","Roadmap must reflect locked Cat2/Cat1/Cat3/Cat6/dashboard/AI-agent strategy.","6660","2026-05-26 22:10:19"
"templates\p0\README.md","TEMPLATE_LAYER_INDEX","KEEP_INDEX","Template folder index/readme.","801","2026-05-27 10:09:01"
"templates\p1\README.md","TEMPLATE_LAYER_INDEX","KEEP_INDEX","Template folder index/readme.","508","2026-05-27 10:09:01"
